City_ID,City,Country,Date,Lat,Lng,Max Temp,Humidity,Cloudiness,Wind Speed
0,Cherskiy,RU,2021-10-18 23:33:57,68.75,161.3,0.0,96,37,9.64
1,Clyde River,CA,2021-10-18 23:33:32,70.4692,-68.5914,32.23,93,90,23.02
2,Gombe,NG,2021-10-18 23:33:57,10.2897,11.1673,77.72,73,97,6.6
3,Bilma,NE,2021-10-18 23:33:58,18.6853,12.9164,83.53,15,97,6.73
4,Bredasdorp,ZA,2021-10-18 23:33:58,-34.5322,20.0403,49.28,82,0,3.29
5,Ancud,CL,2021-10-18 23:33:58,-41.8697,-73.8203,60.33,95,11,3.6
6,College,US,2021-10-18 23:33:58,64.8569,-147.8028,36.23,59,40,0.0
7,Le Vauclin,MQ,2021-10-18 23:33:59,14.5452,-60.8388,82.45,78,0,2.3
8,Barrow,US,2021-10-18 23:30:02,71.2906,-156.7887,19.42,73,75,8.05
9,Hilo,US,2021-10-18 23:29:16,19.7297,-155.09,80.33,74,90,4.61
10,Nishihara,JP,2021-10-18 23:33:59,26.1842,127.7558,76.68,73,75,8.05
11,Peleduy,RU,2021-10-18 23:34:00,59.6289,112.7406,30.96,79,100,8.55
12,New Norfolk,AU,2021-10-18 23:34:00,-42.7826,147.0587,52.66,51,79,3.0
13,Upernavik,GL,2021-10-18 23:34:00,72.7868,-56.1549,29.82,46,100,4.81
14,Kandrian,PG,2021-10-18 23:34:01,-6.2167,149.55,87.15,61,86,6.08
15,Rabo De Peixe,PT,2021-10-18 23:34:01,37.8,-25.5833,69.31,78,20,14.97
16,Kapaa,US,2021-10-18 23:32:57,22.0752,-159.319,82.38,71,40,7.0
17,Severo-Kurilsk,RU,2021-10-18 23:34:02,50.6789,156.125,39.43,71,86,23.22
18,Arraial Do Cabo,BR,2021-10-18 23:34:02,-22.9661,-42.0278,68.99,91,100,14.74
19,Vardo,NO,2021-10-18 23:33:33,70.3705,31.1107,36.19,59,99,27.38
20,Icod De Los Vinos,ES,2021-10-18 23:34:03,28.3724,-16.7119,80.37,24,100,10.74
21,Banyo,CM,2021-10-18 23:34:03,6.75,11.8167,66.74,93,99,4.16
22,Thompson,CA,2021-10-18 23:34:03,55.7435,-97.8558,42.96,75,75,11.5
23,Cape Town,ZA,2021-10-18 23:34:03,-33.9258,18.4232,59.11,59,0,3.0
24,Rikitea,PF,2021-10-18 23:34:04,-23.1203,-134.9692,75.33,73,15,19.35
25,Santa Cruz,BO,2021-10-18 23:30:17,-17.8,-63.1667,71.65,78,75,4.61
26,Vaini,TO,2021-10-18 23:34:04,-21.2,-175.2,78.96,78,20,11.5
27,Jamestown,US,2021-10-18 23:29:49,42.097,-79.2353,53.19,67,1,3.0
28,Ushuaia,AR,2021-10-18 23:31:31,-54.8,-68.3,44.26,61,40,24.16
29,Mahebourg,MU,2021-10-18 23:33:20,-20.4081,57.7,73.69,78,40,11.5
30,Dunedin,NZ,2021-10-18 23:32:28,-45.8742,170.5036,49.8,80,99,11.01
31,Beloha,MG,2021-10-18 23:34:05,-25.1667,45.05,68.72,89,23,5.82
32,Bucyrus,US,2021-10-18 23:34:05,40.8084,-82.9755,60.76,66,0,2.51
33,Punta Arenas,CL,2021-10-18 23:34:05,-53.15,-70.9167,48.31,61,20,20.71
34,Port Alfred,ZA,2021-10-18 23:34:06,-33.5906,26.891,55.15,72,5,8.34
35,Tura,IN,2021-10-18 23:34:06,25.5198,90.2201,71.49,99,100,6.33
36,Chuy,UY,2021-10-18 23:34:07,-33.6971,-53.4616,54.09,88,18,6.64
37,Airai,TL,2021-10-18 23:33:19,-8.9266,125.4092,72.0,64,91,2.66
38,Hobart,AU,2021-10-18 23:31:35,-42.8794,147.3294,53.02,62,75,1.99
39,Hithadhoo,MV,2021-10-18 23:34:07,-0.6,73.0833,81.66,73,95,8.3
40,Miranda,CO,2021-10-18 23:34:07,3.2499,-76.2281,73.53,95,85,5.41
41,Chumikan,RU,2021-10-18 23:34:08,54.7183,135.315,23.2,64,32,23.04
42,Dingle,PH,2021-10-18 23:34:08,10.9995,122.6711,82.0,85,61,8.19
43,Qaanaaq,GL,2021-10-18 23:34:08,77.484,-69.3632,28.08,66,100,12.68
44,Pangnirtung,CA,2021-10-18 23:34:09,66.1451,-65.7125,29.8,70,100,1.07
45,Pevek,RU,2021-10-18 23:34:09,69.7008,170.3133,13.64,82,100,4.72
46,Antofagasta,CL,2021-10-18 23:34:09,-23.65,-70.4,58.28,77,28,3.69
47,San Cristobal,VE,2021-10-18 23:34:10,7.7669,-72.225,77.18,87,58,1.9
48,Ilulissat,GL,2021-10-18 23:34:10,69.2167,-51.1,30.22,27,7,23.02
49,Albany,US,2021-10-18 23:29:56,42.6001,-73.9662,46.98,77,50,1.01
50,Cidreira,BR,2021-10-18 23:34:10,-30.1811,-50.2056,60.48,76,34,7.92
51,Copiapo,CL,2021-10-18 23:29:27,-27.3667,-70.3333,53.29,43,0,5.66
52,Avarua,CK,2021-10-18 23:33:10,-21.2078,-159.775,78.85,69,75,8.05
53,Grindavik,IS,2021-10-18 23:34:11,63.8424,-22.4338,48.15,87,0,20.71
54,Hermanus,ZA,2021-10-18 23:34:11,-34.4187,19.2345,49.8,75,0,10.54
55,Kalmunai,LK,2021-10-18 23:34:12,7.4167,81.8167,79.0,82,94,3.06
56,Mataura,NZ,2021-10-18 23:34:12,-46.1927,168.8643,48.99,58,100,8.16
57,Qasigiannguit,GL,2021-10-18 23:34:12,68.8193,-51.1922,30.45,61,3,10.63
58,East London,ZA,2021-10-18 23:32:32,-33.0153,27.9116,55.71,74,31,5.61
59,Provideniya,RU,2021-10-18 23:33:05,64.3833,-173.3,28.51,74,90,15.66
60,Phan Thiet,VN,2021-10-18 23:33:37,10.9333,108.1,79.23,87,89,5.32
61,Ribeira Grande,PT,2021-10-18 23:34:13,38.5167,-28.7,69.08,71,15,19.22
62,Bluff,NZ,2021-10-18 23:34:13,-46.6,168.3333,49.66,47,87,23.85
63,Minna,NG,2021-10-18 23:34:13,9.6139,6.5569,74.91,88,40,6.91
64,Princeton,US,2021-10-18 23:32:04,25.5384,-80.4089,80.62,66,40,9.22
65,Takoradi,GH,2021-10-18 23:34:08,4.8845,-1.7554,76.87,88,98,7.83
66,Kaitangata,NZ,2021-10-18 23:34:14,-46.2817,169.8464,50.94,55,100,10.6
67,La Union,PE,2021-10-18 23:34:14,-5.4,-80.75,70.36,67,75,16.8
68,Kieta,PG,2021-10-18 23:34:15,-6.2167,155.6333,85.64,66,35,4.61
69,Koslan,RU,2021-10-18 23:34:15,63.4564,48.8989,29.98,96,49,3.0
70,Burnie,AU,2021-10-18 23:34:15,-41.0667,145.9167,57.92,58,74,16.15
71,Georgetown,MY,2021-10-18 23:30:09,5.4112,100.3354,78.89,92,40,0.0
72,Laguna,US,2021-10-18 23:34:16,38.421,-121.4238,67.87,45,75,1.01
73,Havre-Saint-Pierre,CA,2021-10-18 23:34:16,50.2334,-63.5986,48.79,100,90,12.66
74,The Valley,AI,2021-10-18 23:34:16,18.217,-63.0578,82.54,83,20,2.3
75,Mezen,RU,2021-10-18 23:34:17,65.8522,44.24,34.81,98,98,4.83
76,Sitka,US,2021-10-18 23:33:09,57.0531,-135.33,51.69,40,90,16.11
77,Yellowknife,CA,2021-10-18 23:34:17,62.456,-114.3525,31.41,89,75,1.01
78,Lebu,CL,2021-10-18 23:34:18,-37.6167,-73.65,52.77,86,0,18.12
79,Port Elizabeth,ZA,2021-10-18 23:31:16,-33.918,25.5701,52.09,87,0,6.91
80,Necochea,AR,2021-10-18 23:30:06,-38.5473,-58.7368,55.04,78,6,11.7
81,Khatanga,RU,2021-10-18 23:34:18,71.9667,102.5,30.2,98,100,12.44
82,Tasiilaq,GL,2021-10-18 23:34:18,65.6145,-37.6368,32.16,46,91,5.7
83,Tuktoyaktuk,CA,2021-10-18 23:34:19,69.4541,-133.0374,23.0,93,90,10.36
84,Mount Gambier,AU,2021-10-18 23:30:33,-37.8333,140.7667,57.11,72,23,10.36
85,Oussouye,SN,2021-10-18 23:34:19,12.485,-16.5469,82.58,79,99,5.59
86,Fortuna,US,2021-10-18 23:34:19,40.5982,-124.1573,63.48,68,1,1.01
87,Pangoa,PE,2021-10-18 23:31:32,-12.1167,-73.0,68.86,98,91,3.31
88,Busselton,AU,2021-10-18 23:32:55,-33.65,115.3333,59.04,95,100,20.98
89,Karratha,AU,2021-10-18 23:34:20,-20.7377,116.8463,78.66,69,59,14.74
90,Montevarchi,IT,2021-10-18 23:34:20,43.5276,11.5689,56.05,63,26,2.75
91,Pisco,PE,2021-10-18 23:34:20,-13.7,-76.2167,64.45,77,0,8.05
92,Yenagoa,NG,2021-10-18 23:34:21,4.9247,6.2642,74.46,95,100,3.91
93,Leningradskiy,RU,2021-10-18 23:34:08,69.3833,178.4167,10.51,86,100,5.12
94,Sinnamary,GF,2021-10-18 23:34:21,5.3833,-52.95,80.26,80,100,10.8
95,Mayumba,GA,2021-10-18 23:34:22,-3.432,10.6554,75.47,87,100,8.1
96,Shelburne,CA,2021-10-18 23:30:45,44.0787,-80.2041,48.18,71,19,6.87
97,Matadi,CD,2021-10-18 23:34:22,-5.8167,13.45,74.91,87,99,6.13
98,Castro,BR,2021-10-18 23:34:23,-24.7911,-50.0119,55.06,98,100,7.36
99,Kavaratti,IN,2021-10-18 23:34:23,10.5669,72.642,81.32,74,96,7.4
100,Bethel,US,2021-10-18 23:32:43,41.3712,-73.414,51.57,77,20,5.75
101,Victoria,HK,2021-10-18 23:34:23,22.2855,114.1577,78.24,77,84,1.01
102,Erenhot,CN,2021-10-18 23:34:23,43.6475,111.9767,31.93,42,0,4.27
103,Gonen,TR,2021-10-18 23:34:24,40.1049,27.654,62.02,57,67,7.18
104,Uige,AO,2021-10-18 23:34:24,-7.6087,15.0613,68.09,88,84,3.15
105,Paamiut,GL,2021-10-18 23:34:24,61.994,-49.6678,35.8,52,0,10.85
106,Yinchuan,CN,2021-10-18 23:34:25,38.4681,106.2731,46.62,26,100,9.82
107,Carutapera,BR,2021-10-18 23:34:25,-1.195,-46.02,79.43,79,66,6.69
108,Anchorage,US,2021-10-18 23:31:46,61.2181,-149.9003,47.32,69,90,3.0
109,Sept-Iles,CA,2021-10-18 23:30:02,50.2001,-66.3821,48.72,97,90,5.01
110,Komsomolskiy,UZ,2021-10-18 23:34:26,40.4272,71.7189,49.42,66,15,6.91
111,Vostok,RU,2021-10-18 23:34:26,46.4856,135.8833,26.67,63,78,3.85
112,Kismayo,SO,2021-10-18 23:34:26,-0.3582,42.5454,78.08,84,88,12.62
113,Bud,US,2021-10-18 23:34:27,39.447,-86.1758,63.34,78,0,5.48
114,Atuona,PF,2021-10-18 23:34:27,-9.8,-139.0333,77.56,78,33,19.62
115,Neiba,DO,2021-10-18 23:34:28,18.5,-71.4167,81.18,85,97,2.06
116,Golden,US,2021-10-18 23:31:34,39.7555,-105.2211,75.49,20,40,3.0
117,Margate,GB,2021-10-18 23:34:28,51.3813,1.3862,62.96,94,100,4.0
118,Palmer,US,2021-10-18 23:33:31,42.1584,-72.3287,50.61,69,75,8.05
119,Yerbogachen,RU,2021-10-18 23:34:29,61.2767,108.0108,30.9,92,100,6.55
120,Ozernovskiy,RU,2021-10-18 23:34:29,51.5,156.5167,38.3,72,100,25.01
121,Shimoda,JP,2021-10-18 23:34:30,34.6667,138.95,57.56,91,100,14.67
122,Bitung,ID,2021-10-18 23:34:30,1.4451,125.1824,81.45,68,71,7.54
123,Podor,MR,2021-10-18 23:34:30,16.6527,-14.9587,87.75,70,0,2.3
124,Aksarka,RU,2021-10-18 23:34:31,66.5606,67.7975,31.77,94,26,9.46
125,Deputatskiy,RU,2021-10-18 23:34:31,69.3,139.9,-12.6,98,39,3.94
126,Puerto Ayora,EC,2021-10-18 23:33:06,-0.7393,-90.3518,70.45,83,71,10.11
127,Ossora,RU,2021-10-18 23:34:31,59.2353,163.0719,26.13,67,99,7.11
128,Flinders,AU,2021-10-18 23:34:32,-34.5833,150.8552,69.21,73,86,13.42
129,Uyuni,BO,2021-10-18 23:34:32,-20.4597,-66.825,50.18,8,34,10.54
130,Kabompo,ZM,2021-10-18 23:34:32,-13.5927,24.2008,71.87,61,73,3.0
131,Redcliffe,AU,2021-10-18 23:34:33,-27.2307,153.0973,75.47,73,20,9.22
132,Butaritari,KI,2021-10-18 23:34:33,3.0707,172.7902,82.51,64,44,7.14
133,Longyearbyen,SJ,2021-10-18 23:34:33,78.2186,15.6401,17.44,73,0,6.91
134,Poya,NC,2021-10-18 23:34:34,-21.35,165.15,80.06,72,100,2.95
135,Saskylakh,RU,2021-10-18 23:34:34,71.9167,114.0833,22.19,98,100,0.85
136,Hasaki,JP,2021-10-18 23:34:34,35.7333,140.8333,55.8,76,100,13.0
137,Salalah,OM,2021-10-18 23:34:35,17.0151,54.0924,77.09,78,0,2.3
138,Santa Fe,AR,2021-10-18 23:30:42,-31.6333,-60.7,68.76,62,1,4.25
139,Shihezi,CN,2021-10-18 23:34:35,44.3,86.0333,46.76,36,0,2.13
140,Oranjemund,NA,2021-10-18 23:34:35,-28.55,16.4333,58.21,67,0,9.66
141,Naze,JP,2021-10-18 23:34:36,28.3667,129.4833,67.12,89,98,9.06
142,Ambulu,ID,2021-10-18 23:34:36,-8.345,113.6058,81.23,74,96,0.87
143,Mogadishu,SO,2021-10-18 23:34:36,2.0371,45.3438,78.82,83,87,11.9
144,Ponta Do Sol,PT,2021-10-18 23:34:37,32.6667,-17.1,75.0,25,86,1.95
145,Kishtwar,IN,2021-10-18 23:34:37,33.3167,75.7667,51.55,80,8,3.87
146,Nantucket,US,2021-10-18 23:34:37,41.2835,-70.0995,57.96,54,75,6.91
147,Lagoa,PT,2021-10-18 23:33:39,39.05,-27.9833,67.89,72,2,20.54
148,Torbay,CA,2021-10-18 23:33:40,47.6666,-52.7314,46.27,96,90,13.8
149,Nouadhibou,MR,2021-10-18 23:33:28,20.931,-17.0347,71.58,78,5,4.61
150,Hambantota,LK,2021-10-18 23:34:38,6.1241,81.1185,79.3,80,95,15.59
151,Moussoro,TD,2021-10-18 23:34:38,13.6408,16.4901,87.75,20,14,7.47
152,Lashio,MM,2021-10-18 23:34:39,22.9333,97.75,65.16,96,56,1.48
153,Mecca,SA,2021-10-18 23:31:37,21.4267,39.8261,83.23,37,3,0.43
154,Kruisfontein,ZA,2021-10-18 23:34:39,-34.0033,24.7314,45.88,71,0,4.79
155,Nikolskoye,RU,2021-10-18 23:33:16,59.7035,30.7861,39.09,83,52,6.89
156,Zeya,RU,2021-10-18 23:34:39,53.75,127.2667,24.94,51,76,1.72
157,Isangel,VU,2021-10-18 23:34:09,-19.55,169.2667,82.51,74,90,16.11
158,Virbalis,LT,2021-10-18 23:34:40,54.6267,22.8169,37.02,81,45,4.21
159,Iberia,US,2021-10-18 23:34:40,29.9502,-91.7507,73.47,46,1,5.75
160,Mandera,KE,2021-10-18 23:34:40,3.9366,41.867,79.97,61,93,14.99
161,Kaputa,ZM,2021-10-18 23:34:14,-8.4689,29.6619,72.07,77,100,4.14
162,Veinticinco De Mayo,AR,2021-10-18 23:34:41,-35.4323,-60.1727,56.98,53,0,1.99
163,Lapeer,US,2021-10-18 23:34:41,43.0514,-83.3188,58.12,76,1,0.0
164,Kozhanka,UA,2021-10-18 23:34:42,49.9793,29.7381,42.46,82,99,9.57
165,Kysyl-Syr,RU,2021-10-18 23:34:42,63.8986,122.7617,15.98,93,96,1.95
166,Agadez,NE,2021-10-18 23:34:42,19.75,10.25,85.73,22,86,4.76
167,Te Anau,NZ,2021-10-18 23:34:43,-45.4167,167.7167,52.03,64,90,6.29
168,Andros Town,BS,2021-10-18 23:34:43,24.7,-77.7667,78.76,62,96,16.24
169,Pimentel,PE,2021-10-18 23:34:43,-6.8367,-79.9342,62.89,77,0,18.41
170,Yellandu,IN,2021-10-18 23:34:43,17.6,80.3333,73.24,93,94,1.83
171,Magelang,ID,2021-10-18 23:34:44,-7.4706,110.2178,81.75,88,80,2.19
172,Opuwo,NA,2021-10-18 23:34:39,-18.0607,13.84,69.93,22,60,6.98
173,Ulladulla,AU,2021-10-18 23:33:47,-35.35,150.4667,65.88,92,94,12.62
174,Souillac,MU,2021-10-18 23:34:44,-20.5167,57.5167,73.78,78,40,11.5
175,Carballo,ES,2021-10-18 23:34:44,43.213,-8.691,65.89,92,49,4.47
176,Tolaga Bay,NZ,2021-10-18 23:34:45,-38.3667,178.3,69.55,48,1,4.74
177,Along,IN,2021-10-18 23:34:45,28.1667,94.7667,71.26,95,100,0.54
178,Muhoroni,KE,2021-10-18 23:34:45,-0.1541,35.1988,65.77,85,99,2.46
179,Amzya,RU,2021-10-18 23:34:46,56.2354,54.3868,46.35,88,100,7.61
180,Plesetsk,RU,2021-10-18 23:34:46,62.708,40.2916,34.88,97,100,9.15
181,Inta,RU,2021-10-18 23:34:46,66.0317,60.1659,35.42,83,99,13.09
182,Matiri,TZ,2021-10-18 23:34:47,-10.75,34.9,62.1,72,83,4.32
183,Mar Del Plata,AR,2021-10-18 23:34:29,-38.0023,-57.5575,51.82,21,0,8.01
184,Codrington,AU,2021-10-18 23:34:47,-38.2667,141.9667,55.56,65,59,14.47
185,Anapolis,BR,2021-10-18 23:34:48,-16.3267,-48.9528,75.67,83,75,8.05
186,Sorland,NO,2021-10-18 23:34:48,67.667,12.6934,39.74,56,99,10.76
187,Basco,PH,2021-10-18 23:34:48,20.4487,121.9702,81.09,73,50,15.7
188,Wenatchee,US,2021-10-18 23:34:49,47.4235,-120.3103,72.37,36,1,4.61
189,Svetlyy Yar,RU,2021-10-18 23:34:49,48.4748,44.781,37.0,64,25,6.22
190,Aripuana,BR,2021-10-18 23:31:01,-9.1667,-60.6333,73.35,89,89,1.63
191,Carnarvon,AU,2021-10-18 23:34:49,-24.8667,113.6333,64.47,94,75,26.46
192,Concepcion Del Oro,MX,2021-10-18 23:34:50,24.6333,-101.4167,66.7,45,71,2.95
193,Lulea,SE,2021-10-18 23:34:50,65.5842,22.1547,26.67,86,75,6.91
194,Havelock,US,2021-10-18 23:34:50,34.8791,-76.9013,67.95,66,0,1.01
195,Marawi,PH,2021-10-18 23:34:51,7.9986,124.2928,71.65,79,72,0.2
196,Krasnyy,RU,2021-10-18 23:34:51,54.5678,31.4333,34.7,89,13,9.86
197,Sao Filipe,CV,2021-10-18 23:34:51,14.8961,-24.4956,79.74,73,1,7.14
198,Geraldton,AU,2021-10-18 23:34:51,-28.7667,114.6,61.21,94,90,19.57
199,Lompoc,US,2021-10-18 23:32:33,34.6391,-120.4579,71.38,59,1,20.71
200,Port Blair,IN,2021-10-18 23:34:22,11.6667,92.75,80.38,85,99,9.24
201,Hellin,ES,2021-10-18 23:34:52,38.5106,-1.701,60.58,88,92,4.05
202,Bichena,ET,2021-10-18 23:34:52,10.45,38.2,49.46,60,15,4.52
203,Jaguarao,BR,2021-10-18 23:34:53,-32.5661,-53.3758,56.34,80,14,7.11
204,Kachhwa,IN,2021-10-18 23:34:53,25.2167,82.7167,75.9,92,96,6.85
205,Khandyga,RU,2021-10-18 23:34:53,62.6667,135.6,3.45,79,61,3.15
206,Arman,RU,2021-10-18 23:34:53,59.7,150.1667,15.73,40,2,9.08
207,Faanui,PF,2021-10-18 23:34:54,-16.4833,-151.75,80.02,78,97,14.76
208,Shrewsbury,GB,2021-10-18 23:34:54,52.7101,-2.7521,61.3,94,20,8.05
209,Taicheng,CN,2021-10-18 23:34:55,38.731,113.228,37.42,80,74,5.77
210,Fallon,US,2021-10-18 23:34:55,39.4735,-118.7774,52.43,44,75,12.66
211,Dudinka,RU,2021-10-18 23:34:55,69.4058,86.1778,33.48,93,100,16.06
212,Coffs Harbour,AU,2021-10-18 23:34:56,-30.3,153.1333,75.13,69,99,5.75
213,Champerico,GT,2021-10-18 23:34:56,14.3,-91.9167,84.34,77,85,3.91
214,Shieli,KZ,2021-10-18 23:34:56,44.1667,66.75,48.85,29,0,1.25
215,Sao Joao Da Barra,BR,2021-10-18 23:34:38,-21.6403,-41.0511,70.77,93,98,12.41
216,Grand Gaube,MU,2021-10-18 23:34:57,-20.0064,57.6608,73.8,79,64,7.0
217,Katsuura,JP,2021-10-18 23:34:57,35.1333,140.3,57.31,89,100,11.59
218,Bemidji,US,2021-10-18 23:34:33,47.4736,-94.8803,70.09,43,1,9.22
219,Kodiak,US,2021-10-18 23:34:57,57.79,-152.4072,45.91,76,90,14.97
220,Dakar,SN,2021-10-18 23:33:32,14.6937,-17.4441,82.53,89,40,0.0
221,Rocha,UY,2021-10-18 23:34:58,-34.4833,-54.3333,47.16,85,7,3.13
222,Birjand,IR,2021-10-18 23:33:22,32.8663,59.2211,57.67,11,0,11.5
223,Santa Vitoria Do Palmar,BR,2021-10-18 23:34:58,-33.5189,-53.3681,54.72,89,25,6.24
224,Kuznechikha,RU,2021-10-18 23:34:58,57.2161,42.3348,35.89,86,54,10.54
225,Tabas,IR,2021-10-18 23:34:59,33.5959,56.9244,68.5,18,0,1.57
226,Prainha,BR,2021-10-18 23:33:51,-1.8,-53.48,77.36,81,59,2.93
227,Sheridan,US,2021-10-18 23:32:19,44.8333,-106.9173,69.03,32,1,1.01
228,Sao Desiderio,BR,2021-10-18 23:34:59,-12.3633,-44.9733,81.63,40,50,2.46
229,Nuuk,GL,2021-10-18 23:34:59,64.1835,-51.7216,34.41,37,0,12.66
230,Tazovskiy,RU,2021-10-18 23:35:00,67.4667,78.7,34.83,91,100,12.19
231,Belaya Gora,RU,2021-10-18 23:35:00,68.5333,146.4167,-0.94,90,55,3.65
232,Singaraja,ID,2021-10-18 23:35:01,-8.112,115.0882,79.97,68,99,1.36
233,Uthal,PK,2021-10-18 23:35:01,25.8072,66.6219,75.78,43,2,1.23
234,Tayoltita,MX,2021-10-18 23:35:02,24.0833,-105.9333,72.18,87,83,2.8
235,Rio Gallegos,AR,2021-10-18 23:35:03,-51.6226,-69.2181,55.45,35,0,18.41
236,Bambous Virieux,MU,2021-10-18 23:35:03,-20.3428,57.7575,73.65,78,40,11.5
237,Maniitsoq,GL,2021-10-18 23:35:04,65.4167,-52.9,32.02,41,0,6.87
238,Richards Bay,ZA,2021-10-18 23:35:05,-28.783,32.0377,56.64,73,42,3.31
239,Linqiong,CN,2021-10-18 23:35:05,30.4159,103.4609,59.79,84,100,1.83
240,Killybegs,IE,2021-10-18 23:35:06,54.6333,-8.45,60.46,90,100,10.13
241,Chokurdakh,RU,2021-10-18 23:35:06,70.6333,147.9167,-11.67,100,91,5.19
242,Norman Wells,CA,2021-10-18 23:35:06,65.282,-126.8329,26.64,86,75,9.22
243,Dikson,RU,2021-10-18 23:35:07,73.5069,80.5464,28.2,96,100,24.81
244,Nome,US,2021-10-18 23:35:07,64.5011,-165.4064,27.16,68,90,14.97
245,Buchen,DE,2021-10-18 23:35:07,49.5239,9.3231,45.36,98,100,4.21
246,Evensk,RU,2021-10-18 23:35:08,61.95,159.2333,14.85,56,100,11.74
247,Bell Ville,AR,2021-10-18 23:35:08,-32.6259,-62.6887,60.67,39,0,7.2
248,Baindur,IN,2021-10-18 23:35:08,13.8667,74.6333,76.73,84,66,2.53
249,Port Hedland,AU,2021-10-18 23:35:09,-20.3167,118.5667,77.05,83,10,6.91
250,Kharp,RU,2021-10-18 23:35:09,66.8014,65.8081,32.29,86,84,2.89
251,Baherden,TM,2021-10-18 23:35:10,38.4362,57.4316,60.33,70,53,2.73
252,Udachnyy,RU,2021-10-18 23:35:10,66.4167,112.4,33.93,89,100,16.67
253,Upata,VE,2021-10-18 23:35:10,8.0086,-62.3989,84.2,88,91,3.09
254,Gladstone,AU,2021-10-18 23:35:11,-23.85,151.25,75.13,69,80,4.61
255,Tiksi,RU,2021-10-18 23:35:11,71.6872,128.8694,17.17,88,100,11.5
256,Labuhan,ID,2021-10-18 23:32:39,-6.8844,112.2051,82.96,73,99,5.46
257,Hofn,IS,2021-10-18 23:35:11,64.2539,-15.2082,40.8,91,100,25.03
258,San Quintin,MX,2021-10-18 23:35:12,30.4833,-115.95,66.0,66,10,18.3
259,Zhigansk,RU,2021-10-18 23:34:40,66.7697,123.3711,17.01,94,100,14.79
260,Nanortalik,GL,2021-10-18 23:35:12,60.1432,-45.2371,31.3,60,90,11.97
261,Nazare,BR,2021-10-18 23:35:12,-13.035,-39.0144,75.87,82,86,6.02
262,Okha,RU,2021-10-18 23:35:13,53.5739,142.9478,29.68,67,56,20.67
263,Solnechnyy,RU,2021-10-18 23:35:13,50.7214,136.6319,27.82,48,1,3.11
264,Narsaq,GL,2021-10-18 23:35:13,60.9167,-46.05,34.02,40,80,3.83
265,Harrisonville,US,2021-10-18 23:35:14,38.6533,-94.3488,70.88,40,1,4.61
266,Westport,US,2021-10-18 23:35:14,41.1415,-73.3579,54.79,82,1,8.01
267,Ardakan,IR,2021-10-18 23:35:14,32.31,54.0175,68.38,17,0,4.5
268,Goderich,CA,2021-10-18 23:34:14,43.7501,-81.7165,55.9,62,5,5.75
269,Saint-Philippe,RE,2021-10-18 23:33:13,-21.3585,55.7679,71.19,74,43,8.77
270,Ahipara,NZ,2021-10-18 23:35:15,-35.1667,173.1667,65.8,62,34,5.37
271,Kuah,MY,2021-10-18 23:35:15,6.3265,99.8432,80.58,94,20,2.3
272,Vilhena,BR,2021-10-18 23:35:15,-12.7406,-60.1458,70.02,100,40,5.75
273,Sao Geraldo Do Araguaia,BR,2021-10-18 23:35:16,-6.4006,-48.555,74.41,91,79,4.18
274,Havoysund,NO,2021-10-18 23:35:16,70.9963,24.6622,31.08,64,100,21.36
275,Namibe,AO,2021-10-18 23:35:16,-15.1961,12.1522,61.54,88,31,2.21
276,Olafsvik,IS,2021-10-18 23:35:16,64.8945,-23.7142,40.5,93,100,43.24
277,Yulara,AU,2021-10-18 23:35:17,-25.2406,130.9889,85.84,16,94,6.91
278,Pontian Kecil,MY,2021-10-18 23:35:17,1.4801,103.3899,78.28,86,92,0.81
279,Prince George,CA,2021-10-18 23:31:08,53.9166,-122.753,36.84,87,90,4.61
280,Touros,BR,2021-10-18 23:35:17,-5.1989,-35.4608,77.9,78,66,14.7
281,Honiara,SB,2021-10-18 23:35:18,-9.4333,159.95,86.2,68,3,3.44
282,San Luis,AR,2021-10-18 23:31:24,-33.295,-66.3356,65.41,28,0,5.84
283,Biak,ID,2021-10-18 23:35:18,-0.9131,122.8766,81.25,76,75,2.13
284,Harwich,GB,2021-10-18 23:30:48,51.9419,1.2844,62.56,96,100,5.01
285,Sayyan,YE,2021-10-18 23:35:19,15.1718,44.3244,55.87,27,1,6.76
286,Preston,GB,2021-10-18 23:30:22,53.7667,-2.7167,61.48,96,98,5.77
287,Gaoual,GN,2021-10-18 23:35:19,11.75,-13.2,76.33,86,78,3.06
288,Farafangana,MG,2021-10-18 23:35:19,-22.8167,47.8333,70.11,87,0,9.01
289,Camacupa,AO,2021-10-18 23:35:20,-12.0167,17.4833,64.81,92,97,4.16
290,Lakes Entrance,AU,2021-10-18 23:35:20,-37.8811,147.981,59.16,73,24,10.07
291,Tarabuco,BO,2021-10-18 23:35:20,-19.1667,-64.9167,46.04,72,79,7.14
292,Labuan,MY,2021-10-18 23:35:20,5.2767,115.2417,80.96,88,20,1.01
293,Alvorada,BR,2021-10-18 23:35:21,-12.48,-49.1247,77.58,74,100,0.58
294,Alofi,NU,2021-10-18 23:35:21,-19.0595,-169.9187,78.69,78,75,18.41
295,Thinadhoo,MV,2021-10-18 23:35:21,0.5333,72.9333,82.47,72,98,11.01
296,Kavieng,PG,2021-10-18 23:35:22,-2.5744,150.7967,86.04,67,20,14.76
297,Gold Coast,AU,2021-10-18 23:35:22,-28.0,153.4333,75.2,73,77,1.99
298,Rawson,AR,2021-10-18 23:35:22,-43.3002,-65.1023,70.14,33,22,9.4
299,Road Town,VG,2021-10-18 23:35:23,18.4167,-64.6167,82.49,89,20,2.3
300,Swan Hill,AU,2021-10-18 23:35:23,-35.3378,143.5544,61.74,41,0,10.45
301,Kenai,US,2021-10-18 23:35:23,60.5544,-151.2583,46.09,55,1,14.97
302,Eydhafushi,MV,2021-10-18 23:35:24,5.1033,73.0708,82.63,71,100,14.67
303,Paignton,GB,2021-10-18 23:35:24,50.4357,-3.5679,63.36,99,100,4.0
304,Flin Flon,CA,2021-10-18 23:35:24,54.7682,-101.865,42.64,70,90,18.41
305,Coos Bay,US,2021-10-18 23:35:24,43.3665,-124.2179,59.85,73,1,4.61
306,Iracoubo,GF,2021-10-18 23:35:25,5.4802,-53.2011,80.98,79,100,11.23
307,Coihaique,CL,2021-10-18 23:35:25,-45.5752,-72.0662,53.55,71,75,5.75
308,Nakusp,CA,2021-10-18 23:35:25,50.2499,-117.8023,48.54,81,0,1.14
309,Shakawe,BW,2021-10-18 23:35:26,-18.3667,21.85,69.08,65,56,8.03
310,Sterling,US,2021-10-18 23:35:26,39.0062,-77.4286,60.98,63,1,6.91
311,Hailin,CN,2021-10-18 23:35:26,44.5833,129.4167,29.59,51,21,5.79
312,Marystown,CA,2021-10-18 23:35:27,47.1666,-55.1483,51.85,100,100,10.0
313,Eyl,SO,2021-10-18 23:35:27,7.9803,49.8164,77.88,86,53,5.66
314,Kapoeta,SS,2021-10-18 23:35:27,4.7717,33.5903,79.79,49,92,0.45
315,Werda,BW,2021-10-18 23:35:28,-25.2667,23.2833,57.0,35,46,8.48
316,Iqaluit,CA,2021-10-18 23:35:28,63.7506,-68.5145,35.33,93,90,25.01
317,Husavik,IS,2021-10-18 23:35:28,66.0449,-17.3389,37.31,99,100,24.02
318,Ibicarai,BR,2021-10-18 23:35:29,-14.865,-39.5875,78.78,95,84,3.09
319,San Ramon De La Nueva Oran,AR,2021-10-18 23:35:29,-23.1322,-64.326,73.42,58,98,2.59
320,Saint George,US,2021-10-18 23:34:23,37.1041,-113.5841,59.47,50,40,35.68
321,De Aar,ZA,2021-10-18 23:35:29,-30.6497,24.0123,47.57,41,0,8.81
322,Baghdad,IQ,2021-10-18 23:32:50,33.3406,44.4009,67.91,49,0,4.61
323,Cumana,VE,2021-10-18 23:30:42,10.4635,-64.1775,80.96,83,8,9.91
324,Neubrandenburg,DE,2021-10-18 23:35:30,53.5667,13.2667,49.89,80,100,6.62
325,Kazerun,IR,2021-10-18 23:35:30,29.6195,51.6541,65.84,15,0,3.58
326,Northam,GB,2021-10-18 23:35:30,51.0333,-4.2167,61.66,96,100,8.86
327,Shingu,JP,2021-10-18 23:35:31,33.7333,135.9833,63.59,92,100,8.08
328,Frontera,MX,2021-10-18 23:35:31,26.9333,-101.45,80.33,55,1,8.05
329,Meadow Lake,US,2021-10-18 23:34:14,34.8014,-106.5436,74.91,19,0,21.36
330,Lorengau,PG,2021-10-18 23:35:31,-2.0226,147.2712,85.73,69,50,11.68
331,Kibala,TD,2021-10-18 23:35:32,9.1104,18.3463,75.15,83,0,0.0
332,Sabang,ID,2021-10-18 23:35:32,5.8933,95.3214,81.68,75,94,4.25
333,Kourou,GF,2021-10-18 23:35:32,5.1552,-52.6478,81.1,82,100,8.05
334,Quatre Cocos,MU,2021-10-18 23:35:33,-20.2078,57.7625,73.51,74,68,11.9
335,Sandi,IN,2021-10-18 23:35:33,27.3,79.95,74.75,97,99,5.35
336,Sisimiut,GL,2021-10-18 23:35:33,66.9395,-53.6735,28.08,44,1,16.73
337,Rawlins,US,2021-10-18 23:35:34,41.7911,-107.2387,61.23,23,1,10.36
338,Manjacaze,MZ,2021-10-18 23:35:34,-24.7117,33.8828,64.74,58,99,12.06
339,Arawa,PG,2021-10-18 23:35:34,-6.2132,155.5367,87.48,63,44,4.94
340,Raga,SS,2021-10-18 23:35:35,8.4596,25.678,72.66,85,86,2.17
341,Yuli,NG,2021-10-18 23:35:35,9.6989,10.2744,76.77,78,92,4.88
342,Shenjiamen,CN,2021-10-18 23:35:35,29.9576,122.298,64.33,80,100,13.89
343,Salto Del Guaira,PY,2021-10-18 23:35:36,-24.0625,-54.3069,68.09,81,92,5.21
344,Matamoros,MX,2021-10-18 23:32:23,25.5333,-103.25,87.91,32,40,5.75
345,Tuatapere,NZ,2021-10-18 23:35:36,-46.1333,167.6833,50.97,52,90,14.72
346,Troitskoye,RU,2021-10-18 23:35:36,52.9821,84.6757,35.51,73,9,4.38
347,Padang,ID,2021-10-18 23:33:14,-0.9492,100.3543,73.45,89,100,5.35
348,Mangrol,IN,2021-10-18 23:35:37,21.1167,70.1167,78.75,68,20,10.38
349,Banda Aceh,ID,2021-10-18 23:34:06,5.5577,95.3222,80.38,78,97,3.65
350,Marquette,US,2021-10-18 23:35:37,46.5333,-87.6335,60.24,79,0,5.99
351,Ust-Barguzin,RU,2021-10-18 23:35:38,53.45,108.9833,28.35,74,4,2.53
352,Maraa,BR,2021-10-18 23:35:38,-1.8333,-65.3667,73.35,97,74,1.28
353,Muroran,JP,2021-10-18 23:35:38,42.3172,140.9881,57.45,64,57,9.62
354,Cabo San Lucas,MX,2021-10-18 23:35:38,22.8909,-109.9124,86.61,64,40,8.01
355,Lufilufi,WS,2021-10-18 23:35:39,-13.8745,-171.5986,91.18,78,59,16.2
356,Bathsheba,BB,2021-10-18 23:35:39,13.2167,-59.5167,79.41,83,20,5.75
357,Yumen,CN,2021-10-18 23:35:39,40.2833,97.2,42.1,27,100,10.85
358,Port Hardy,CA,2021-10-18 23:31:08,50.6996,-127.4199,51.98,66,75,6.91
359,Awjilah,LY,2021-10-18 23:35:40,29.1081,21.2869,69.39,38,39,11.05
360,Waipawa,NZ,2021-10-18 23:35:40,-41.4122,175.5153,57.83,53,16,12.53
361,Warragul,AU,2021-10-18 23:35:40,-38.1667,145.9333,57.09,90,97,4.0
362,Talnakh,RU,2021-10-18 23:35:41,69.4865,88.3972,33.1,96,100,12.21
363,Garowe,SO,2021-10-18 23:32:53,8.4054,48.4845,75.88,71,88,8.43
364,Sabha,LY,2021-10-18 23:35:41,27.0377,14.4283,74.95,30,100,20.24
365,Pretoria,ZA,2021-10-18 23:35:41,-25.7449,28.1878,59.09,75,94,6.91
366,Sajanan,TN,2021-10-18 23:35:42,37.0573,9.2426,59.27,78,47,0.98
367,Praya,CV,2021-10-18 23:35:42,14.9215,-23.5087,79.34,78,0,9.22
368,Vila Velha,BR,2021-10-18 23:35:42,-20.3297,-40.2925,73.35,94,90,3.44
369,Segou,ML,2021-10-18 23:35:43,13.4317,-6.2157,83.8,33,62,2.55
370,Kajaani,FI,2021-10-18 23:35:43,64.2273,27.7285,30.25,80,0,12.66
371,Tsogni,GA,2021-10-18 23:35:43,-2.7942,10.0988,74.93,86,100,7.4
372,Bandarbeyla,SO,2021-10-18 23:33:37,9.4942,50.8122,76.75,88,57,9.24
373,Vila Franca Do Campo,PT,2021-10-18 23:35:44,37.7167,-25.4333,70.21,80,14,11.92
374,Qaqortoq,GL,2021-10-18 23:35:44,60.7167,-46.0333,34.3,35,83,7.31
375,Broome,US,2021-10-18 23:35:44,42.2506,-75.833,48.02,72,90,1.01
376,Mezhdurechensk,RU,2021-10-18 23:35:44,53.6942,88.0603,33.31,91,10,2.3
377,Kiama,AU,2021-10-18 23:35:45,-34.6833,150.8667,64.26,73,90,13.8
378,Bengkulu,ID,2021-10-18 23:35:45,-3.8004,102.2655,73.99,91,100,3.47
379,Salvador,SV,2021-10-18 23:35:45,13.8333,-88.9167,73.8,92,95,1.03
380,Butterworth,MY,2021-10-18 23:35:46,5.3991,100.3638,80.01,93,40,0.0
381,Ingham,US,2021-10-18 23:35:46,42.6,-84.3833,59.18,66,1,0.0
382,Omsukchan,RU,2021-10-18 23:35:47,62.5333,155.8,1.67,89,100,7.52
383,Mananjary,MG,2021-10-18 23:35:47,-21.2167,48.3333,68.94,88,0,6.98
384,Lodwar,KE,2021-10-18 23:35:47,3.1191,35.5973,87.57,39,68,14.14
385,Fairbanks,US,2021-10-18 23:32:36,64.8378,-147.7164,36.25,59,20,3.44
386,Miles City,US,2021-10-18 23:35:48,46.4083,-105.8406,70.77,30,1,8.05
387,Buala,SB,2021-10-18 23:34:07,-8.145,159.5921,85.57,67,10,2.19
388,Trairi,BR,2021-10-18 23:30:56,-3.2778,-39.2689,79.74,81,36,12.33
389,Abadan,IR,2021-10-18 23:35:48,30.3392,48.3043,71.55,49,0,6.91
390,Eirunepe,BR,2021-10-18 23:35:49,-6.6603,-69.8736,74.16,97,99,2.13
391,Tirumullaivasal,IN,2021-10-18 23:35:49,11.2333,79.8333,77.61,83,100,9.71
392,Winnemucca,US,2021-10-18 23:35:49,40.973,-117.7357,39.25,93,90,5.75
393,Saint-Pierre,RE,2021-10-18 23:35:49,-21.3393,55.4781,71.28,69,0,6.91
394,Tahta,EG,2021-10-18 23:35:50,26.7693,31.5021,73.72,45,2,10.49
395,Huayucachi,PE,2021-10-18 23:35:50,-12.1333,-75.2333,57.49,65,80,5.37
396,Manta,EC,2021-10-18 23:35:50,-0.95,-80.7333,74.98,83,90,11.5
397,Talara,PE,2021-10-18 23:35:51,-4.5772,-81.2719,65.16,82,75,13.8
398,Imbituba,BR,2021-10-18 23:35:51,-28.24,-48.6703,62.82,79,100,1.95
399,Mango,US,2021-10-18 23:35:51,27.9797,-82.3065,79.86,67,40,0.0
400,Abha,SA,2021-10-18 23:35:52,18.2164,42.5053,58.82,21,0,0.0
401,Mayo,US,2021-10-18 23:34:01,38.8876,-76.5119,62.71,61,1,1.01
402,Bontang,ID,2021-10-18 23:35:52,0.1333,117.5,81.32,81,69,2.51
403,Pingliang,CN,2021-10-18 23:35:52,35.5392,106.6861,45.05,86,100,2.37
404,Asfi,MA,2021-10-18 23:33:04,32.2994,-9.2372,70.43,66,7,8.41
405,Cerro Largo,BR,2021-10-18 23:35:53,-28.1486,-54.7381,63.95,76,0,7.31
406,Traverse City,US,2021-10-18 23:33:38,44.7631,-85.6206,55.47,67,1,0.0
407,Waddan,LY,2021-10-18 23:35:53,29.1614,16.139,71.89,40,100,23.85
408,Calama,CL,2021-10-18 23:35:54,-22.4667,-68.9333,64.89,13,0,18.41
409,Nuevo Progreso,MX,2021-10-18 23:35:54,23.1667,-97.95,85.59,57,21,3.0
410,Nhulunbuy,AU,2021-10-18 23:35:54,-12.2333,136.7667,86.61,70,40,6.91
411,Kapustin Yar,RU,2021-10-18 23:35:55,48.5831,45.7372,45.73,65,24,6.76
412,Vanavara,RU,2021-10-18 23:35:55,60.34,102.2797,29.61,97,100,5.17
413,Poquoson,US,2021-10-18 23:35:55,37.1224,-76.3458,66.97,55,1,8.05
414,Bilibino,RU,2021-10-18 23:35:56,68.0546,166.4372,7.14,91,100,7.72
415,Taltal,CL,2021-10-18 23:35:56,-25.4,-70.4833,60.67,71,23,4.63
416,Khani,GE,2021-10-18 23:35:56,41.9563,42.9566,49.57,96,100,2.95
417,Tashtagol,RU,2021-10-18 23:35:57,52.7657,87.8894,33.58,92,4,2.21
418,Avera,US,2021-10-18 23:32:43,33.194,-82.5271,62.71,44,19,1.16
419,Saint-Georges,GD,2021-10-18 23:33:34,12.0564,-61.7485,80.28,94,20,2.3
420,Skjervoy,NO,2021-10-18 23:35:57,70.0311,20.9714,36.52,57,100,14.03
421,Atar,MR,2021-10-18 23:35:58,20.5169,-13.0499,88.77,12,100,3.6
422,Desna,UA,2021-10-18 23:35:58,50.9273,30.7605,44.92,89,76,8.68
423,Amantea,IT,2021-10-18 23:35:58,39.1332,16.0746,53.55,71,3,6.4
424,Mufulira,ZM,2021-10-18 23:35:58,-12.5498,28.2407,61.0,39,100,5.32
425,Kasongo-Lunda,CD,2021-10-18 23:35:59,-6.4667,16.8167,70.03,98,100,1.41
426,Caravelas,BR,2021-10-18 23:35:59,-17.7125,-39.2481,75.36,86,20,8.19
427,Agadir,MA,2021-10-18 23:35:59,30.4202,-9.5982,61.25,51,0,5.28
428,Berlevag,NO,2021-10-18 23:36:00,70.8578,29.0864,34.56,63,100,25.68
429,Kadyy,RU,2021-10-18 23:36:00,57.787,43.1903,31.55,96,16,5.82
430,Mabopane,ZA,2021-10-18 23:36:00,-25.4977,28.1007,59.2,72,95,14.12
431,Alta Floresta,BR,2021-10-18 23:31:17,-9.8756,-56.0861,71.46,98,100,4.81
432,North Bend,US,2021-10-18 23:36:01,43.4065,-124.2243,58.24,73,1,4.61
433,Ushtobe,KZ,2021-10-18 23:36:01,45.2514,77.9838,44.92,47,1,6.67
434,Esperance,AU,2021-10-18 23:36:02,-33.8667,121.9,67.84,50,100,13.38
435,Antalaha,MG,2021-10-18 23:36:02,-14.9003,50.2788,69.49,73,46,5.37
436,Ostrovnoy,RU,2021-10-18 23:33:18,68.0531,39.5131,37.53,77,100,30.53
437,Palu,ID,2021-10-18 23:32:40,-0.8917,119.8707,83.35,76,51,2.26
438,Saldanha,ZA,2021-10-18 23:33:12,-33.0117,17.9442,51.85,75,1,13.87
439,Mitzic,GA,2021-10-18 23:36:03,0.7821,11.549,69.06,98,100,4.23
440,Shu,KZ,2021-10-18 23:36:03,43.5983,73.7614,47.52,48,0,4.76
441,Fuxin,CN,2021-10-18 23:32:54,42.0156,121.6589,37.98,52,5,4.32
442,Vila,PT,2021-10-18 23:36:04,42.0304,-8.1588,59.32,86,39,4.54
443,Puerto Escondido,MX,2021-10-18 23:33:00,15.85,-97.0667,88.63,58,40,4.61
444,Abalak,RU,2021-10-18 23:36:04,58.1286,68.5944,41.49,77,99,6.02
445,Rovaniemi,FI,2021-10-18 23:36:05,66.5,25.7167,27.81,80,0,9.22
446,Bridgeton,US,2021-10-18 23:36:05,39.4273,-75.2341,57.88,58,1,9.22
447,Mvuma,ZW,2021-10-18 23:36:05,-19.2792,30.5283,54.12,95,100,10.47
448,Mabaruma,GY,2021-10-18 23:36:06,8.2,-59.7833,75.4,92,39,3.11
449,Luanshya,ZM,2021-10-18 23:36:06,-13.1367,28.4166,61.56,39,91,10.8
450,Zambezi,ZM,2021-10-18 23:36:06,-13.5432,23.1047,71.4,65,97,5.39
451,Walvis Bay,NA,2021-10-18 23:36:07,-22.9575,14.5053,58.08,94,100,12.66
452,Formosa,AR,2021-10-18 23:36:07,-26.1775,-58.1781,69.78,60,0,4.61
453,Port Lincoln,AU,2021-10-18 23:36:07,-34.7333,135.8667,61.2,69,1,20.13
454,La Libertad,EC,2021-10-18 23:36:08,-2.2333,-80.9,73.06,78,40,11.5
455,Sosva,RU,2021-10-18 23:36:08,59.1766,61.8558,47.23,81,100,10.36
456,Ardahan,TR,2021-10-18 23:36:09,41.1087,42.7022,38.71,95,55,3.65
457,Melbu,NO,2021-10-18 23:36:09,68.5044,14.8297,31.21,59,20,2.62
458,Nalut,LY,2021-10-18 23:36:09,30.3333,10.85,67.12,55,92,16.96
459,Asau,RO,2021-10-18 23:33:43,46.4333,26.4,48.76,72,67,3.67
460,Pudem,RU,2021-10-18 23:36:10,58.3044,52.1675,38.08,80,100,13.29
461,Lasa,IT,2021-10-18 23:33:45,46.6166,10.7002,49.08,53,100,2.62
462,Roebourne,AU,2021-10-18 23:36:10,-20.7833,117.1333,79.25,65,46,14.29
463,Vitim,RU,2021-10-18 23:36:10,59.4511,112.5578,31.05,75,100,8.52
464,Mastic Beach,US,2021-10-18 23:36:11,40.7668,-72.8521,54.99,71,90,1.99
465,Kushima,JP,2021-10-18 23:36:11,31.4583,131.2333,62.64,71,93,4.5
466,Tshikapa,CD,2021-10-18 23:36:11,-6.4167,20.8,71.04,93,100,1.7
467,Los Llanos De Aridane,ES,2021-10-18 23:36:12,28.6585,-17.9182,74.95,27,0,6.91
468,Grass Valley,US,2021-10-18 23:36:12,39.2191,-121.0611,57.67,80,90,3.0
469,Igrim,RU,2021-10-18 23:36:13,63.1906,64.4162,34.34,92,95,4.52
470,Lata,PT,2021-10-18 23:36:13,40.1629,-8.3327,63.81,82,76,2.77
471,Lafiagi,NG,2021-10-18 23:36:13,8.8667,5.4167,75.94,89,96,4.88
472,Diamantino,BR,2021-10-18 23:36:13,-14.4086,-56.4461,71.47,98,100,2.89
473,Najran,SA,2021-10-18 23:36:14,17.4924,44.1277,66.85,24,4,1.95
474,Ukiah,US,2021-10-18 23:36:14,39.1502,-123.2078,64.56,51,1,3.44
475,Abu Dhabi,AE,2021-10-18 23:31:42,24.4667,54.3667,87.82,70,0,8.05
476,Germersheim,DE,2021-10-18 23:36:14,49.2231,8.3639,46.2,68,100,3.96
477,San Zenon,CO,2021-10-18 23:36:15,9.2422,-74.5004,79.39,84,45,4.12
478,Beringovskiy,RU,2021-10-18 23:36:15,63.05,179.3167,34.03,93,52,3.91
479,Asgabat,TM,2021-10-18 23:36:15,37.95,58.3833,55.26,33,40,4.61
480,Aswan,EG,2021-10-18 23:36:16,24.0934,32.907,76.3,23,0,10.36
481,Kamenka,RU,2021-10-18 23:36:16,51.3223,42.7678,43.43,77,100,6.11
482,Kindu,CD,2021-10-18 23:36:16,-2.95,25.95,71.06,98,100,2.48
483,Stavern,NO,2021-10-18 23:36:17,59.0,10.0333,42.31,89,100,8.37
484,Port Maria,JM,2021-10-18 23:36:17,18.3685,-76.8895,82.36,94,85,6.98
485,Bucerias,MX,2021-10-18 23:34:46,20.75,-105.3333,89.58,66,75,10.36
486,Santiago Del Estero,AR,2021-10-18 23:36:17,-27.7951,-64.2615,69.8,24,19,6.15
487,Homer,US,2021-10-18 23:35:14,59.6425,-151.5483,49.05,68,90,5.75
488,Taoudenni,ML,2021-10-18 23:34:28,22.6783,-3.9836,82.47,13,72,12.46
489,Dire,ML,2021-10-18 23:36:18,12.2833,-10.9667,75.78,66,7,2.08
490,Lavrentiya,RU,2021-10-18 23:34:44,65.5833,-171.0,28.0,72,100,14.94
491,Mehamn,NO,2021-10-18 23:36:18,71.0357,27.8492,33.42,63,100,22.01
492,Khorixas,NA,2021-10-18 23:36:19,-20.3667,14.9667,64.58,34,94,1.43
493,Tabou,CI,2021-10-18 23:36:19,4.423,-7.3528,76.8,88,86,6.76
494,Kansk,RU,2021-10-18 23:36:19,56.2017,95.7175,33.08,88,68,5.77
495,Birobidzhan,RU,2021-10-18 23:36:20,48.8,132.95,29.53,42,0,5.06
496,Birao,CF,2021-10-18 23:36:20,10.2849,22.7882,73.33,82,99,3.38
497,Saint-Augustin,CA,2021-10-18 23:36:20,51.226,-58.6502,43.5,96,100,26.71
498,Ormara,PK,2021-10-18 23:36:21,25.2088,64.6357,80.53,36,2,5.08
499,Oranjestad,AW,2021-10-18 23:35:46,12.524,-70.027,84.15,79,20,11.5
500,Mackenzie,CA,2021-10-18 23:36:21,55.2999,-123.1698,35.82,69,1,2.3
501,Victor Harbor,AU,2021-10-18 23:36:21,-35.5667,138.6167,68.79,74,9,10.02
502,Plouzane,FR,2021-10-18 23:36:22,48.3833,-4.6167,62.92,100,90,18.41
503,Parkes,AU,2021-10-18 23:36:22,-33.1333,148.1833,68.4,43,45,7.16
504,Strangnas,SE,2021-10-18 23:36:22,59.3774,17.0312,28.4,67,100,3.09
505,Tsiroanomandidy,MG,2021-10-18 23:36:23,-18.7667,46.0333,70.66,62,84,1.45
506,Xacmaz,AZ,2021-10-18 23:36:23,41.4635,48.806,59.99,91,99,8.39
507,Gorontalo,ID,2021-10-18 23:33:06,0.5412,123.0595,83.8,75,86,0.29
508,Nioro,GM,2021-10-18 23:36:23,13.35,-15.75,78.91,82,87,4.32
509,Owatonna,US,2021-10-18 23:34:06,44.0839,-93.226,70.38,35,1,8.05
510,Vizinga,RU,2021-10-18 23:36:24,61.0749,50.1031,33.22,99,100,6.64
511,Kjollefjord,NO,2021-10-18 23:36:24,70.9457,27.3465,33.87,61,100,21.94
512,Pochutla,MX,2021-10-18 23:36:25,15.7432,-96.4661,86.85,86,99,3.24
513,Turtas,RU,2021-10-18 23:36:25,58.9417,69.1325,43.9,82,100,6.55
514,Hamilton,US,2021-10-18 23:36:25,39.1834,-84.5333,62.44,66,1,0.0
515,Kudahuvadhoo,MV,2021-10-18 23:36:25,2.6708,72.8944,81.93,73,89,14.72
516,Yar-Sale,RU,2021-10-18 23:36:26,66.8333,70.8333,32.65,93,59,11.27
517,Constitucion,CL,2021-10-18 23:32:38,-35.3333,-72.4167,57.2,74,5,10.58
518,Kiunga,PG,2021-10-18 23:36:26,-6.1219,141.2906,80.38,83,100,2.46
519,Pangody,RU,2021-10-18 23:36:27,65.85,74.4859,32.43,93,47,10.31
520,Peniche,PT,2021-10-18 23:36:27,39.3558,-9.3811,71.1,93,72,1.72
521,Shangzhi,CN,2021-10-18 23:36:27,45.2167,127.9667,23.88,77,9,1.88
522,Douglas,US,2021-10-18 23:32:38,41.3,-96.167,71.98,38,1,4.0
523,Turukhansk,RU,2021-10-18 23:34:57,65.8167,87.9833,36.63,95,100,15.82
524,Petropavlovsk-Kamchatskiy,RU,2021-10-18 23:36:28,53.0452,158.6483,36.19,52,75,13.42
525,Pacific Grove,US,2021-10-18 23:36:28,36.6177,-121.9166,64.8,69,1,7.0
526,Iwanai,JP,2021-10-18 23:36:29,42.9744,140.5089,51.96,70,91,7.47
527,Aliwal North,ZA,2021-10-18 23:36:29,-30.6937,26.7114,44.51,66,0,4.45
528,Yerkoy,TR,2021-10-18 23:36:29,39.6381,34.4672,54.68,69,79,3.51
529,Gazanjyk,TM,2021-10-18 23:36:29,39.2446,55.5154,59.52,57,2,8.14
530,Ejea De Los Caballeros,ES,2021-10-18 23:36:30,42.1263,-1.1372,60.75,70,100,6.53
531,Tapes,BR,2021-10-18 23:36:22,-30.6733,-51.3958,59.88,78,3,7.78
532,Zaysan,KZ,2021-10-18 23:36:30,47.4667,84.8667,40.69,44,0,3.49
533,Kyaikto,MM,2021-10-18 23:36:30,17.3,97.0167,75.29,91,100,6.67
534,Noormarkku,FI,2021-10-18 23:36:31,61.5927,21.8685,26.38,100,13,3.44
535,Haines Junction,CA,2021-10-18 23:36:31,60.7522,-137.5108,31.95,55,99,0.0
536,Hita,JP,2021-10-18 23:36:32,33.3167,130.9333,61.59,58,69,3.44
537,Coquimbo,CL,2021-10-18 23:36:32,-29.9533,-71.3436,58.21,81,8,2.3
538,Goianesia,BR,2021-10-18 23:36:33,-15.3175,-49.1175,70.61,88,100,3.51
539,Cairns,AU,2021-10-18 23:36:33,-16.9167,145.7667,95.95,66,0,2.3
540,Malvern,US,2021-10-18 23:33:46,34.3623,-92.813,70.2,62,31,3.76
541,Cap Estate,LC,2021-10-18 23:36:33,14.0833,-60.95,80.22,74,36,6.69
542,Yarmouth,US,2021-10-18 23:36:34,41.7057,-70.2286,57.96,60,90,27.0
543,Polohy,UA,2021-10-18 23:36:34,47.4844,36.2536,45.86,63,100,7.47
544,Naqadeh,IR,2021-10-18 23:36:34,36.9553,45.388,50.65,71,9,5.19
545,Aracruz,BR,2021-10-18 23:34:34,-19.8203,-40.2733,72.61,95,92,1.36
546,Lukulu,ZM,2021-10-18 23:36:35,-14.3707,23.242,74.61,55,86,6.31
547,Guerrero Negro,MX,2021-10-18 23:36:35,27.9769,-114.0611,67.28,64,1,18.68
548,Ponnani,IN,2021-10-18 23:36:36,10.767,75.9252,76.32,92,100,3.2
549,Terre-De-Bas,GP,2021-10-18 23:36:36,15.8501,-61.6442,80.11,71,42,4.47
550,Jacareacanga,BR,2021-10-18 23:36:36,-6.2222,-57.7528,74.1,87,95,1.83
