,City,Lat,Lng,Max Temp,Humidity,Cloudiness,Wind Speed,Current Description,Country,Date
0,Tahta,26.7693,31.5021,68.4,46,0,9.31,clear sky,EG,2021-10-24 22:57:14
1,Albany,42.6001,-73.9662,52.81,75,95,2.75,overcast clouds,US,2021-10-24 22:54:00
2,Yantongshan,43.2919,126.0094,40.1,76,37,5.86,scattered clouds,CN,2021-10-24 22:57:15
3,Nikolskoye,59.7035,30.7861,34.88,78,88,7.09,overcast clouds,RU,2021-10-24 22:54:40
4,Hermanus,-34.4187,19.2345,55.9,76,0,9.51,clear sky,ZA,2021-10-24 22:51:03
5,Menongue,-14.6585,17.691,66.24,81,80,3.33,broken clouds,AO,2021-10-24 22:57:15
6,Puerto Ayora,-0.7393,-90.3518,78.76,87,100,10.33,overcast clouds,EC,2021-10-24 22:54:27
7,Isangel,-19.55,169.2667,80.71,69,75,5.75,broken clouds,VU,2021-10-24 22:51:21
8,Hilo,19.7297,-155.09,84.27,83,32,3.0,scattered clouds,US,2021-10-24 22:54:05
9,Karasuk,53.7377,78.0403,45.75,59,100,14.99,overcast clouds,RU,2021-10-24 22:57:16
10,Tecoanapa,16.5167,-98.75,80.65,82,89,6.44,overcast clouds,MX,2021-10-24 22:57:16
11,Punta Arenas,-53.15,-70.9167,44.71,42,40,32.21,scattered clouds,CL,2021-10-24 22:52:15
12,Khatanga,71.9667,102.5,0.32,89,78,16.26,broken clouds,RU,2021-10-24 22:54:24
13,Batagay,67.6333,134.6333,7.63,97,100,2.01,overcast clouds,RU,2021-10-24 22:51:09
14,Bluff,-46.6,168.3333,55.4,88,96,5.12,overcast clouds,NZ,2021-10-24 22:53:55
15,Ushuaia,-54.8,-68.3,33.46,80,75,8.05,light snow,AR,2021-10-24 22:53:47
16,Busselton,-33.65,115.3333,55.04,79,100,10.02,overcast clouds,AU,2021-10-24 22:53:48
17,Kapaa,22.0752,-159.319,84.18,77,53,5.01,broken clouds,US,2021-10-24 22:54:32
18,Mataura,-46.1927,168.8643,62.17,66,97,3.76,overcast clouds,NZ,2021-10-24 22:49:50
19,Capaci,38.1711,13.2393,65.8,79,40,8.05,light rain,IT,2021-10-24 22:57:17
20,Xinmin,41.9908,122.8253,51.3,78,5,11.63,clear sky,CN,2021-10-24 22:57:17
21,Wanning,18.8003,110.3967,70.9,84,99,9.95,overcast clouds,CN,2021-10-24 22:57:18
22,Broken Hill,-31.95,141.4333,55.11,44,0,10.36,clear sky,AU,2021-10-24 22:55:10
23,Bilma,18.6853,12.9164,85.39,12,2,4.23,clear sky,NE,2021-10-24 22:50:24
24,Asfi,32.2994,-9.2372,67.82,67,100,12.08,overcast clouds,MA,2021-10-24 22:57:18
25,Ribeira Grande,38.5167,-28.7,66.69,73,12,7.9,few clouds,PT,2021-10-24 22:54:27
26,Cayenne,4.9333,-52.3333,78.84,89,90,10.0,moderate rain,GF,2021-10-24 22:54:22
27,Provideniya,64.3833,-173.3,26.71,59,0,6.71,clear sky,RU,2021-10-24 22:54:10
28,Olafsvik,64.8945,-23.7142,42.35,90,100,22.15,overcast clouds,IS,2021-10-24 22:50:29
29,Port Hardy,50.6996,-127.4199,50.18,87,75,13.8,light intensity shower rain,CA,2021-10-24 22:45:18
30,Rikitea,-23.1203,-134.9692,74.82,77,38,15.75,scattered clouds,PF,2021-10-24 22:53:48
31,Kaka,37.3482,59.6143,56.73,25,51,4.07,broken clouds,TM,2021-10-24 22:57:19
32,Teknaf,20.8624,92.3058,73.53,85,46,4.5,scattered clouds,BD,2021-10-24 22:51:06
33,Mtwara,-10.2667,40.1833,76.42,89,23,7.52,light rain,TZ,2021-10-24 22:57:19
34,Cape Town,-33.9258,18.4232,59.27,69,0,1.99,clear sky,ZA,2021-10-24 22:51:33
35,Codrington,-38.2667,141.9667,54.01,63,92,12.3,overcast clouds,AU,2021-10-24 22:54:46
36,Leningradskiy,69.3833,178.4167,7.68,90,100,6.93,overcast clouds,RU,2021-10-24 22:54:44
37,Guanambi,-14.2233,-42.7814,78.35,70,99,6.06,overcast clouds,BR,2021-10-24 22:57:20
38,Castro,-24.7911,-50.0119,55.56,96,89,3.11,overcast clouds,BR,2021-10-24 22:54:35
39,Nioro,13.35,-15.75,79.81,81,100,6.17,overcast clouds,GM,2021-10-24 22:53:53
40,Zyryanka,65.75,150.85,2.75,77,100,3.02,overcast clouds,RU,2021-10-24 22:53:53
41,Hastings,50.8552,0.5729,58.91,91,100,15.61,overcast clouds,GB,2021-10-24 22:57:20
42,Mount Isa,-20.7333,139.5,80.37,50,100,13.8,light rain,AU,2021-10-24 22:50:20
43,Yellowknife,62.456,-114.3525,42.42,85,75,19.57,broken clouds,CA,2021-10-24 22:54:02
44,Barrow,71.2906,-156.7887,19.56,93,99,6.44,overcast clouds,US,2021-10-24 22:53:57
45,Tuktoyaktuk,69.4541,-133.0374,32.0,86,40,3.44,scattered clouds,CA,2021-10-24 22:53:49
46,Port Alfred,-33.5906,26.891,58.5,76,9,11.68,clear sky,ZA,2021-10-24 22:54:09
47,Corner Brook,48.9667,-57.9484,48.33,98,100,6.73,overcast clouds,CA,2021-10-24 22:57:21
48,Vaitape,-16.5167,-151.75,75.96,88,100,14.14,light rain,PF,2021-10-24 22:57:21
49,Lavrentiya,65.5833,-171.0,22.55,81,100,10.78,overcast clouds,RU,2021-10-24 22:54:07
50,Belaya Gora,68.5333,146.4167,-0.27,97,100,0.13,overcast clouds,RU,2021-10-24 22:57:22
51,Norman Wells,65.282,-126.8329,23.04,93,90,5.75,overcast clouds,CA,2021-10-24 22:54:25
52,Maiduguri,11.8464,13.1603,83.43,23,83,6.06,broken clouds,NG,2021-10-24 22:53:18
53,Iquique,-20.2208,-70.1431,62.64,75,36,1.05,scattered clouds,CL,2021-10-24 22:54:19
54,Geraldton,-28.7667,114.6,65.12,88,100,5.75,overcast clouds,AU,2021-10-24 22:54:37
55,Upernavik,72.7868,-56.1549,15.57,67,83,8.19,broken clouds,GL,2021-10-24 22:54:34
56,Ponta Delgada,37.7333,-25.6667,63.32,77,20,6.91,few clouds,PT,2021-10-24 22:55:41
57,East London,-33.0153,27.9116,59.18,74,39,10.22,scattered clouds,ZA,2021-10-24 22:54:14
58,Hobart,-42.8794,147.3294,52.27,74,75,3.0,broken clouds,AU,2021-10-24 22:50:15
59,Barreirinhas,-2.7469,-42.8264,80.87,78,54,9.98,broken clouds,BR,2021-10-24 22:57:23
60,Bambous Virieux,-20.3428,57.7575,74.21,73,40,12.66,scattered clouds,MU,2021-10-24 22:53:47
61,Mar Del Plata,-38.0023,-57.5575,64.42,39,0,9.22,clear sky,AR,2021-10-24 22:54:24
62,Muros,42.7762,-9.0603,59.09,92,33,2.21,scattered clouds,ES,2021-10-24 22:55:24
63,Darnah,32.767,22.6367,72.46,66,94,13.15,overcast clouds,LY,2021-10-24 22:54:37
64,Saint-Georges,12.0564,-61.7485,82.08,83,40,19.57,scattered clouds,GD,2021-10-24 22:57:24
65,Kodinsk,58.6881,99.1844,39.06,80,100,13.51,overcast clouds,RU,2021-10-24 22:57:24
66,Jamestown,42.097,-79.2353,50.29,98,90,3.0,light rain,US,2021-10-24 22:53:05
67,Avarua,-21.2078,-159.775,77.05,57,20,14.97,few clouds,CK,2021-10-24 22:54:05
68,Cheyenne,41.14,-104.8203,61.95,28,1,17.27,clear sky,US,2021-10-24 22:57:25
69,Singaparna,-7.3515,108.111,72.48,96,95,2.89,overcast clouds,ID,2021-10-24 22:57:25
70,Coahuayana,18.7333,-103.6833,83.55,78,99,4.09,overcast clouds,MX,2021-10-24 22:57:25
71,Vaini,-21.2,-175.2,78.96,78,20,13.8,few clouds,TO,2021-10-24 22:54:08
72,Thompson,55.7435,-97.8558,32.16,86,75,3.44,light shower snow,CA,2021-10-24 22:55:09
73,Takab,36.4009,47.1133,41.0,48,0,1.48,clear sky,IR,2021-10-24 22:57:26
74,Cherskiy,68.75,161.3,-13.23,98,29,4.74,scattered clouds,RU,2021-10-24 22:55:11
75,Uncia,-18.467,-66.5685,52.23,25,31,8.66,scattered clouds,BO,2021-10-24 22:57:26
76,Bredasdorp,-34.5322,20.0403,49.28,87,0,4.61,clear sky,ZA,2021-10-24 22:54:26
77,Lakatoro,-16.0999,167.4164,81.84,74,16,6.8,few clouds,VU,2021-10-24 22:57:26
78,Yongan,39.6957,113.6871,44.35,72,91,3.49,overcast clouds,CN,2021-10-24 22:57:27
79,Arlit,18.7369,7.3853,82.02,12,2,2.21,clear sky,NE,2021-10-24 22:54:24
80,Megion,61.0296,76.1136,30.22,87,100,3.76,overcast clouds,RU,2021-10-24 22:57:27
81,Dikson,73.5069,80.5464,9.43,89,100,17.69,light snow,RU,2021-10-24 22:54:08
82,Mangaratiba,-22.9597,-44.0406,72.73,96,100,7.07,overcast clouds,BR,2021-10-24 22:56:42
83,Carnarvon,-24.8667,113.6333,68.07,73,75,12.66,broken clouds,AU,2021-10-24 22:54:47
84,Mosquera,4.7059,-74.2302,59.09,94,75,5.75,light intensity drizzle,CO,2021-10-24 22:57:28
85,Springdale,36.1867,-94.1288,75.33,77,87,17.0,overcast clouds,US,2021-10-24 22:57:28
86,Fairbanks,64.8378,-147.7164,27.23,89,90,0.0,mist,US,2021-10-24 22:55:32
87,Half Moon Bay,37.4636,-122.4286,64.8,93,90,11.99,heavy intensity rain,US,2021-10-24 22:53:55
88,Ereymentau,51.6199,73.1033,43.93,49,98,17.13,overcast clouds,KZ,2021-10-24 22:57:28
89,Gillette,44.2911,-105.5022,57.02,40,2,8.99,clear sky,US,2021-10-24 22:56:28
90,Cidreira,-30.1811,-50.2056,61.77,65,0,5.97,clear sky,BR,2021-10-24 22:54:14
91,Iwanai,42.9744,140.5089,51.03,77,1,4.05,clear sky,JP,2021-10-24 22:54:00
92,Kodiak,57.79,-152.4072,43.47,84,36,9.46,scattered clouds,US,2021-10-24 22:54:23
93,Moundou,8.5667,16.0833,74.48,78,76,2.68,light rain,TD,2021-10-24 22:57:29
94,Bethel,41.3712,-73.414,55.49,75,90,4.61,overcast clouds,US,2021-10-24 22:50:15
95,New Norfolk,-42.7826,147.0587,50.92,64,98,1.01,overcast clouds,AU,2021-10-24 22:54:28
96,Taldan,53.6667,124.8,31.66,89,94,0.87,overcast clouds,RU,2021-10-24 22:57:30
97,Tucupita,9.0622,-62.051,74.21,99,100,2.93,overcast clouds,VE,2021-10-24 22:57:30
98,Biguacu,-27.4942,-48.6556,68.95,83,37,4.76,scattered clouds,BR,2021-10-24 22:57:30
99,Guayabal De Siquima,4.8774,-74.4674,69.26,97,100,1.9,overcast clouds,CO,2021-10-24 22:57:31
100,Cabo San Lucas,22.8909,-109.9124,90.61,69,2,11.25,clear sky,MX,2021-10-24 22:53:58
101,Takestan,36.0696,49.6959,42.93,56,0,5.57,clear sky,IR,2021-10-24 22:57:31
102,Georgetown,5.4112,100.3354,77.9,98,20,3.0,few clouds,MY,2021-10-24 22:53:55
103,Bengkulu,-3.8004,102.2655,75.15,89,100,4.63,overcast clouds,ID,2021-10-24 22:54:36
104,Inirida,3.8653,-67.9239,76.82,93,95,2.28,overcast clouds,CO,2021-10-24 22:57:32
105,Arraial Do Cabo,-22.9661,-42.0278,71.01,96,100,14.12,overcast clouds,BR,2021-10-24 22:55:08
106,Manicore,-5.8092,-61.3003,82.54,69,72,2.93,broken clouds,BR,2021-10-24 22:57:32
107,Kihei,20.785,-156.4656,85.26,76,71,4.74,broken clouds,US,2021-10-24 22:55:02
108,San Juan,-31.5375,-68.5364,79.29,14,0,3.87,clear sky,AR,2021-10-24 22:56:31
109,Maldonado,-34.6667,-54.9167,67.39,57,0,11.97,clear sky,UY,2021-10-24 22:57:32
110,Iqaluit,63.7506,-68.5145,29.93,92,90,8.01,light snow,CA,2021-10-24 22:51:07
111,Livingston,55.9029,-3.5226,51.85,84,40,12.66,scattered clouds,GB,2021-10-24 22:53:07
112,Preobrazheniye,42.9019,133.9064,48.88,60,0,4.43,clear sky,RU,2021-10-24 22:57:33
113,Dingle,10.9995,122.6711,77.94,89,99,1.92,overcast clouds,PH,2021-10-24 22:55:37
114,Chokurdakh,70.6333,147.9167,-6.75,99,100,2.77,overcast clouds,RU,2021-10-24 22:53:46
115,Paamiut,61.994,-49.6678,29.64,42,0,13.42,clear sky,GL,2021-10-24 22:54:21
116,Inuvik,68.3499,-133.7218,24.01,93,90,2.3,overcast clouds,CA,2021-10-24 22:57:33
117,Atuona,-9.8,-139.0333,78.12,73,3,18.32,clear sky,PF,2021-10-24 22:53:51
118,Ilulissat,69.2167,-51.1,1.85,72,93,7.76,overcast clouds,GL,2021-10-24 22:54:43
119,Clyde River,70.4692,-68.5914,11.75,82,55,5.26,broken clouds,CA,2021-10-24 22:54:34
120,Sao Raimundo Nonato,-9.0153,-42.6994,81.59,68,91,1.83,overcast clouds,BR,2021-10-24 22:57:34
121,Saskylakh,71.9167,114.0833,-15.86,100,67,3.87,broken clouds,RU,2021-10-24 22:54:13
122,Peterhead,57.5058,-1.7981,52.45,83,100,18.86,overcast clouds,GB,2021-10-24 22:57:35
123,Tasiilaq,65.6145,-37.6368,29.73,86,100,45.25,snow,GL,2021-10-24 22:50:20
124,Ponta Do Sol,32.6667,-17.1,70.72,71,97,6.13,overcast clouds,PT,2021-10-24 22:54:22
125,Shingu,33.7333,135.9833,61.45,97,100,9.15,light rain,JP,2021-10-24 22:47:36
126,Coquimbo,-29.9533,-71.3436,60.53,77,0,12.66,clear sky,CL,2021-10-24 22:54:54
127,Erice,38.037,12.5865,57.67,85,100,6.8,overcast clouds,IT,2021-10-24 22:57:35
128,Huangchuan,32.1272,115.0394,54.99,75,100,3.94,overcast clouds,CN,2021-10-24 22:57:36
129,Hualmay,-11.0964,-77.6139,64.08,79,41,12.12,scattered clouds,PE,2021-10-24 22:50:25
130,Victoria,22.2855,114.1577,69.33,72,46,1.01,scattered clouds,HK,2021-10-24 22:50:28
131,Hofn,64.2539,-15.2082,41.31,86,100,21.72,light rain,IS,2021-10-24 22:50:55
132,Aiken,33.5835,-81.5998,73.11,69,1,4.61,clear sky,US,2021-10-24 22:57:36
133,Dayong,25.0209,118.2898,70.9,80,97,3.65,overcast clouds,CN,2021-10-24 22:57:36
134,Kaitangata,-46.2817,169.8464,61.54,68,92,4.72,overcast clouds,NZ,2021-10-24 22:55:10
135,Ninotsminda,41.2646,43.5916,27.05,61,37,1.77,scattered clouds,GE,2021-10-24 22:57:37
136,Berezovyy,51.6667,135.7,35.62,79,15,3.33,few clouds,RU,2021-10-24 22:57:37
137,Rotselaar,50.9526,4.7189,49.24,89,0,8.05,clear sky,BE,2021-10-24 22:57:37
138,Elliot,-31.3333,27.85,39.13,95,21,2.35,few clouds,ZA,2021-10-24 22:57:38
139,Bang Saphan,11.2126,99.5117,76.91,89,92,8.32,overcast clouds,TH,2021-10-24 22:57:38
140,Souillac,-20.5167,57.5167,74.35,73,40,12.66,scattered clouds,MU,2021-10-24 22:54:34
141,Labuhan,-6.8844,112.2051,79.18,81,29,9.46,scattered clouds,ID,2021-10-24 22:57:39
142,Qaanaaq,77.484,-69.3632,-5.4,62,0,11.59,clear sky,GL,2021-10-24 22:54:15
143,Constitucion,-35.3333,-72.4167,56.95,82,2,15.93,clear sky,CL,2021-10-24 22:54:59
144,Road Town,18.4167,-64.6167,82.44,89,40,10.36,scattered clouds,VG,2021-10-24 22:54:30
145,Fethiye,36.6217,29.1164,66.07,46,20,6.6,few clouds,TR,2021-10-24 22:54:59
146,Gumdag,39.2061,54.5906,56.46,81,0,5.44,clear sky,TM,2021-10-24 22:57:39
147,Pamanukan,-6.2842,107.8106,78.75,82,83,2.57,broken clouds,ID,2021-10-24 22:57:40
148,Lubuagan,17.3548,121.1747,68.5,92,98,1.5,overcast clouds,PH,2021-10-24 22:57:40
149,Aksu,41.1231,80.2644,45.82,48,0,3.13,clear sky,CN,2021-10-24 22:54:37
150,Victoria Point,-27.5833,153.3,79.48,72,63,1.99,broken clouds,AU,2021-10-24 22:57:40
151,Acapulco,16.8634,-99.8901,79.54,85,100,7.78,overcast clouds,MX,2021-10-24 22:54:19
152,College,64.8569,-147.8028,28.2,89,90,0.0,mist,US,2021-10-24 22:51:10
153,Ugoofaaru,5.6667,73.0,81.95,76,69,13.27,broken clouds,MV,2021-10-24 22:57:41
154,San Jose,37.3394,-121.895,65.71,84,100,1.01,light rain,US,2021-10-24 22:54:41
155,Lompoc,34.6391,-120.4579,72.01,79,90,6.91,mist,US,2021-10-24 22:55:37
156,Mahebourg,-20.4081,57.7,74.25,73,40,12.66,scattered clouds,MU,2021-10-24 22:54:15
157,Alice Springs,-23.7,133.8833,69.35,32,75,10.36,broken clouds,AU,2021-10-24 22:50:34
158,Butaritari,3.0707,172.7902,81.55,72,38,3.49,scattered clouds,KI,2021-10-24 22:54:33
159,Mehamn,71.0357,27.8492,25.99,81,75,7.45,broken clouds,NO,2021-10-24 22:54:43
160,Noumea,-22.2763,166.4572,78.78,99,17,10.96,few clouds,NC,2021-10-24 22:57:42
161,Iznik,40.4286,29.7211,51.75,77,98,5.48,overcast clouds,TR,2021-10-24 22:53:19
162,Fortuna,40.5982,-124.1573,58.93,83,40,1.99,scattered clouds,US,2021-10-24 22:57:42
163,Okha,53.5739,142.9478,38.97,89,62,11.79,broken clouds,RU,2021-10-24 22:57:42
164,Broome,42.2506,-75.833,52.63,80,100,1.01,overcast clouds,US,2021-10-24 22:54:28
165,Asau,46.4333,26.4,36.95,80,7,2.86,clear sky,RO,2021-10-24 22:57:43
166,Liusha,27.2098,108.59,47.73,78,88,0.76,overcast clouds,CN,2021-10-24 22:57:43
167,Hovd,48.0056,91.6419,32.27,34,4,2.04,clear sky,MN,2021-10-24 22:51:24
168,Lata,40.1629,-8.3327,58.82,75,0,1.86,clear sky,PT,2021-10-24 22:54:07
169,La Ronge,55.1001,-105.2842,43.05,65,40,12.66,scattered clouds,CA,2021-10-24 22:53:46
170,Homer,59.6425,-151.5483,47.77,83,79,1.01,broken clouds,US,2021-10-24 22:55:43
171,Sao Jose Da Coroa Grande,-8.8978,-35.1478,77.72,76,54,10.31,broken clouds,BR,2021-10-24 22:57:44
172,Azul,-36.777,-59.8585,57.33,54,1,9.82,clear sky,AR,2021-10-24 22:57:44
173,Chicama,-7.8447,-79.1469,61.34,73,25,6.89,scattered clouds,PE,2021-10-24 22:57:44
174,Pevek,69.7008,170.3133,7.16,93,100,4.43,overcast clouds,RU,2021-10-24 22:53:56
175,Lebu,-37.6167,-73.65,54.1,90,12,6.91,few clouds,CL,2021-10-24 22:54:00
176,Haines Junction,60.7522,-137.5108,35.55,69,50,2.3,scattered clouds,CA,2021-10-24 22:50:11
177,Ibotirama,-12.1853,-43.2206,78.84,73,100,5.79,overcast clouds,BR,2021-10-24 22:57:45
178,Kindu,-2.95,25.95,69.57,100,100,1.41,light rain,CD,2021-10-24 22:57:45
179,Katsuura,35.1333,140.3,58.19,59,54,7.85,broken clouds,JP,2021-10-24 22:53:57
180,Kahului,20.8947,-156.47,85.26,76,83,15.99,broken clouds,US,2021-10-24 22:54:58
181,Guerrero Negro,27.9769,-114.0611,69.48,61,0,16.02,clear sky,MX,2021-10-24 22:55:38
182,Bathsheba,13.2167,-59.5167,81.21,78,40,21.85,scattered clouds,BB,2021-10-24 22:54:57
183,Hamilton,39.1834,-84.5333,72.41,89,85,12.62,overcast clouds,US,2021-10-24 22:54:28
184,Gondanglegi,-7.7479,112.0132,77.68,82,69,10.98,broken clouds,ID,2021-10-24 22:57:46
185,Vila Franca Do Campo,37.7167,-25.4333,63.01,77,0,5.01,clear sky,PT,2021-10-24 22:54:19
186,Santa Isabel Do Rio Negro,-0.4139,-65.0192,78.96,83,97,2.19,overcast clouds,BR,2021-10-24 22:57:46
187,Macapa,0.0389,-51.0664,87.78,70,20,12.66,few clouds,BR,2021-10-24 22:57:47
188,Faanui,-16.4833,-151.75,75.85,89,100,13.85,light rain,PF,2021-10-24 22:54:42
189,Horadiz,39.4488,47.3353,45.37,52,4,2.48,clear sky,AZ,2021-10-24 22:57:48
190,Hanyang,32.1371,105.5126,55.38,86,100,1.45,overcast clouds,CN,2021-10-24 22:57:48
191,Hasaki,35.7333,140.8333,54.0,51,27,8.63,scattered clouds,JP,2021-10-24 22:54:39
192,Kavaratti,10.5669,72.642,81.45,77,85,10.47,overcast clouds,IN,2021-10-24 22:46:19
193,Komsomolskiy,40.4272,71.7189,44.02,60,0,6.91,clear sky,UZ,2021-10-24 22:51:17
194,Kruisfontein,-34.0033,24.7314,49.89,82,0,3.24,clear sky,ZA,2021-10-24 22:54:44
195,Dori,14.0354,-0.0345,87.46,40,63,7.45,broken clouds,BF,2021-10-24 22:57:49
196,Klaksvik,62.2266,-6.589,50.92,88,92,25.52,overcast clouds,FO,2021-10-24 22:53:54
197,Ketchikan,55.3422,-131.6461,49.05,70,85,6.98,overcast clouds,US,2021-10-24 22:57:49
198,Calvinia,-31.4707,19.776,57.27,34,0,7.56,clear sky,ZA,2021-10-24 22:54:12
199,Barstow,34.8986,-117.0228,79.79,33,100,17.78,overcast clouds,US,2021-10-24 22:55:31
200,Yeniseysk,58.4497,92.1703,40.96,74,86,9.33,overcast clouds,RU,2021-10-24 22:57:50
201,Hithadhoo,-0.6,73.0833,82.54,73,72,15.86,broken clouds,MV,2021-10-24 22:54:10
202,Lososina,48.9975,140.3106,42.46,68,1,4.41,clear sky,RU,2021-10-24 22:57:50
203,Rudbar,30.15,62.6,62.4,13,0,7.38,clear sky,AF,2021-10-24 22:57:50
204,Wentzville,38.8114,-90.8529,76.64,82,64,20.69,broken clouds,US,2021-10-24 22:57:50
205,Rocha,-34.4833,-54.3333,59.92,63,7,9.6,clear sky,UY,2021-10-24 22:57:51
206,Crib Point,-38.35,145.2,58.35,68,42,14.18,scattered clouds,AU,2021-10-24 22:57:51
207,Port Macquarie,-31.4333,152.9167,70.9,63,16,3.49,few clouds,AU,2021-10-24 22:54:45
208,Linguere,15.3953,-15.1193,88.02,66,0,4.61,clear sky,SN,2021-10-24 22:57:51
209,Harper,4.375,-7.7169,77.47,84,99,7.63,overcast clouds,LR,2021-10-24 22:55:31
210,Wenatchee,47.4235,-120.3103,53.01,93,90,1.99,overcast clouds,US,2021-10-24 22:54:31
211,Lar,26.2039,83.9717,74.01,60,98,5.37,overcast clouds,IN,2021-10-24 22:57:52
212,Simao,22.7886,100.9748,60.3,100,100,1.77,overcast clouds,CN,2021-10-24 22:53:50
213,Los Llanos De Aridane,28.6585,-17.9182,67.75,89,90,6.91,overcast clouds,ES,2021-10-24 22:51:22
214,Kaeo,-35.1,173.7833,69.33,81,16,3.78,few clouds,NZ,2021-10-24 22:57:53
215,Yate,51.5407,-2.4184,55.22,94,5,1.99,clear sky,GB,2021-10-24 22:57:53
216,Touros,-5.1989,-35.4608,81.5,72,23,14.36,few clouds,BR,2021-10-24 22:55:37
217,Hun,29.1268,15.9477,76.86,33,99,10.45,overcast clouds,LY,2021-10-24 22:57:53
218,Port Elizabeth,-33.918,25.5701,52.11,87,0,1.14,clear sky,ZA,2021-10-24 22:54:14
219,Chateaubelair,13.2833,-61.25,81.21,78,75,14.97,broken clouds,VC,2021-10-24 22:57:54
220,Sidney,-33.8679,151.2073,68.34,56,20,1.01,few clouds,AU,2021-10-24 22:53:24
221,Saint-Augustin,51.226,-58.6502,44.87,87,100,24.11,overcast clouds,CA,2021-10-24 22:55:39
222,Port Lincoln,-34.7333,135.8667,56.79,64,0,15.23,clear sky,AU,2021-10-24 22:55:10
223,Nouadhibou,20.931,-17.0347,71.58,73,84,14.97,broken clouds,MR,2021-10-24 22:55:43
224,Yumen,40.2833,97.2,44.71,35,100,15.35,overcast clouds,CN,2021-10-24 22:54:01
225,Bandarbeyla,9.4942,50.8122,77.85,74,15,4.38,few clouds,SO,2021-10-24 22:51:14
226,Sao Filipe,14.8961,-24.4956,78.1,71,46,11.54,scattered clouds,CV,2021-10-24 22:51:08
227,Salalah,17.0151,54.0924,75.16,82,37,3.42,scattered clouds,OM,2021-10-24 22:54:15
228,Gat,31.61,34.7642,68.81,100,0,2.8,clear sky,IL,2021-10-24 22:50:59
229,Murray Bridge,-35.1167,139.2667,59.43,54,0,5.64,clear sky,AU,2021-10-24 22:54:56
230,Paraopeba,-19.2757,-44.4033,78.35,65,100,2.48,overcast clouds,BR,2021-10-24 22:57:55
231,Altay,47.8667,88.1167,30.63,60,12,4.38,few clouds,CN,2021-10-24 22:57:55
232,Koszalin,54.1944,16.1722,40.68,75,88,12.01,overcast clouds,PL,2021-10-24 22:57:56
233,Yerbogachen,61.2767,108.0108,34.39,97,100,10.2,light rain,RU,2021-10-24 22:54:24
234,Kibala,9.1104,18.3463,76.95,83,20,0.0,few clouds,TD,2021-10-24 22:57:56
235,Aklavik,68.2191,-135.0107,22.03,93,97,2.24,overcast clouds,CA,2021-10-24 22:55:42
236,Umm Kaddadah,13.6017,26.6876,83.55,21,5,17.27,clear sky,SD,2021-10-24 22:57:57
237,Necochea,-38.5473,-58.7368,64.04,62,6,8.43,clear sky,AR,2021-10-24 22:50:31
238,Caravelas,-17.7125,-39.2481,77.43,86,7,10.76,clear sky,BR,2021-10-24 22:53:52
239,Vila,42.0304,-8.1588,51.93,93,80,1.5,broken clouds,PT,2021-10-24 22:55:26
240,Ahar,38.4774,47.0699,48.97,40,0,4.23,clear sky,IR,2021-10-24 22:57:57
241,Talnakh,69.4865,88.3972,26.31,97,100,6.29,light snow,RU,2021-10-24 22:54:18
242,Makinsk,52.6292,70.4169,34.23,47,99,15.14,overcast clouds,KZ,2021-10-24 22:57:58
243,Marquette,46.5333,-87.6335,41.83,75,91,9.66,overcast clouds,US,2021-10-24 22:47:08
244,Omsukchan,62.5333,155.8,8.87,95,100,7.38,overcast clouds,RU,2021-10-24 22:57:58
245,Pangnirtung,66.1451,-65.7125,21.07,91,92,2.01,overcast clouds,CA,2021-10-24 22:54:50
246,Laramie,41.3114,-105.5911,55.49,38,38,5.99,scattered clouds,US,2021-10-24 22:57:58
247,Srednekolymsk,67.45,153.6833,-2.0,86,100,1.83,overcast clouds,RU,2021-10-24 22:55:07
248,San Andres,12.5847,-81.7006,86.02,74,75,6.91,broken clouds,CO,2021-10-24 22:57:59
249,Alenquer,-1.9417,-54.7383,80.94,66,64,1.95,broken clouds,BR,2021-10-24 22:57:59
250,Vao,-22.6667,167.4833,70.65,69,19,11.34,few clouds,NC,2021-10-24 22:54:53
251,Takaka,-40.85,172.8,64.56,65,63,6.2,broken clouds,NZ,2021-10-24 22:57:59
252,Sarakhs,36.5449,61.1577,51.94,46,18,2.3,few clouds,IR,2021-10-24 22:58:00
253,North Las Vegas,36.1989,-115.1175,79.12,29,1,5.01,clear sky,US,2021-10-24 22:54:13
254,Anchorage,61.2181,-149.9003,48.2,71,20,5.01,few clouds,US,2021-10-24 22:58:00
255,Christchurch,-43.5333,172.6333,70.03,69,6,4.0,clear sky,NZ,2021-10-24 22:53:56
256,Luderitz,-26.6481,15.1594,59.32,71,0,2.64,clear sky,NA,2021-10-24 22:55:33
257,Soe,-9.8607,124.284,74.64,69,77,1.74,broken clouds,ID,2021-10-24 22:58:01
258,Miri,4.4148,114.0089,77.14,94,40,1.14,scattered clouds,MY,2021-10-24 22:58:01
259,Odweyne,9.4092,45.064,71.73,36,4,5.95,clear sky,SO,2021-10-24 22:51:11
260,Howard Springs,-12.497,131.047,87.87,91,14,2.06,few clouds,AU,2021-10-24 22:58:02
261,Rexburg,43.826,-111.7897,49.26,73,100,14.88,overcast clouds,US,2021-10-24 22:53:08
262,Kodinar,20.7903,70.7031,75.6,75,2,5.44,clear sky,IN,2021-10-24 22:58:02
263,Aransas Pass,27.9095,-97.15,85.21,79,1,7.0,clear sky,US,2021-10-24 22:58:02
264,Moyale,3.5167,39.0584,71.82,61,5,5.7,clear sky,KE,2021-10-24 22:58:03
265,Yakeshi,49.2833,120.7333,30.99,63,0,4.09,clear sky,CN,2021-10-24 22:58:03
266,Beyneu,45.3167,55.2,53.65,38,97,8.34,overcast clouds,KZ,2021-10-24 22:58:04
267,Grenville,12.1167,-61.6167,82.45,77,98,21.18,overcast clouds,GD,2021-10-24 22:58:04
268,Newport,51.5877,-2.9984,55.94,91,27,13.29,scattered clouds,GB,2021-10-24 22:50:34
269,Melfi,40.9965,15.6514,55.49,83,98,4.63,overcast clouds,IT,2021-10-24 22:58:04
270,Waddan,29.1614,16.139,77.0,28,99,4.85,overcast clouds,LY,2021-10-24 22:58:05
271,Leh,34.1667,77.5833,28.51,89,99,4.12,overcast clouds,IN,2021-10-24 22:58:05
272,Sur,22.5667,59.5289,80.83,60,1,12.39,clear sky,OM,2021-10-24 22:58:05
273,Nsanje,-16.92,35.262,78.57,68,0,7.72,clear sky,MW,2021-10-24 22:58:05
274,Maniitsoq,65.4167,-52.9,25.05,54,8,8.28,clear sky,GL,2021-10-24 22:54:19
275,Puerto El Triunfo,13.2833,-88.55,82.56,80,48,3.69,scattered clouds,SV,2021-10-24 22:58:06
276,Miles City,46.4083,-105.8406,62.51,33,2,4.92,clear sky,US,2021-10-24 22:58:06
277,Erenhot,43.6475,111.9767,44.33,34,94,11.16,overcast clouds,CN,2021-10-24 22:58:06
278,Axim,4.8699,-2.2405,77.63,86,45,5.35,scattered clouds,GH,2021-10-24 22:51:09
279,Ixtapa,20.7,-105.2,86.23,79,97,5.99,overcast clouds,MX,2021-10-24 22:58:07
280,Laguna,38.421,-121.4238,63.93,95,90,3.0,heavy intensity rain,US,2021-10-24 22:50:47
281,Big Rapids,43.6981,-85.4837,49.69,72,40,5.75,scattered clouds,US,2021-10-24 22:57:44
282,Kaseda,31.4167,130.3167,60.03,86,100,12.73,overcast clouds,JP,2021-10-24 22:58:07
283,Burnie,-41.0667,145.9167,56.95,48,9,3.98,clear sky,AU,2021-10-24 22:58:08
284,Hangal,14.7667,75.1333,67.17,91,95,1.92,overcast clouds,IN,2021-10-24 22:58:08
285,Cochrane,51.1834,-114.4687,52.07,33,75,12.66,broken clouds,CA,2021-10-24 22:58:08
286,Ahipara,-35.1667,173.1667,66.7,69,13,4.32,few clouds,NZ,2021-10-24 22:54:51
287,Sept-Iles,50.2001,-66.3821,48.72,84,75,5.99,broken clouds,CA,2021-10-24 22:54:05
288,Praia Da Vitoria,38.7333,-27.0667,66.45,82,20,8.97,few clouds,PT,2021-10-24 22:55:32
289,Port Blair,11.6667,92.75,79.74,81,76,4.5,broken clouds,IN,2021-10-24 22:55:45
290,Benalla,-36.55,145.9833,53.98,56,0,7.4,clear sky,AU,2021-10-24 22:58:09
291,Mitu,1.1983,-70.1733,75.85,92,100,1.72,overcast clouds,CO,2021-10-24 22:54:12
292,Tuatapere,-46.1333,167.6833,62.67,76,93,2.37,overcast clouds,NZ,2021-10-24 22:54:04
293,Yulara,-25.2406,130.9889,66.04,42,0,11.5,clear sky,AU,2021-10-24 22:54:29
294,Beringovskiy,63.05,179.3167,10.0,81,41,6.69,scattered clouds,RU,2021-10-24 22:58:10
295,Torbay,47.6666,-52.7314,54.68,87,90,26.46,very heavy rain,CA,2021-10-24 22:55:22
296,Meulaboh,4.1363,96.1285,74.68,90,100,4.56,overcast clouds,ID,2021-10-24 22:51:19
297,Barahan,13.0121,120.762,80.91,77,97,3.42,overcast clouds,PH,2021-10-24 22:58:10
298,Daokou,35.5639,114.5058,50.92,76,34,7.34,scattered clouds,CN,2021-10-24 22:58:10
299,Kuytun,54.3419,101.5036,39.11,80,100,15.19,overcast clouds,RU,2021-10-24 22:58:11
300,Naze,28.3667,129.4833,67.12,81,74,8.57,broken clouds,JP,2021-10-24 22:54:38
301,Maragogi,-9.0122,-35.2225,77.56,76,47,10.36,scattered clouds,BR,2021-10-24 22:53:57
302,Tual,-5.6667,132.75,82.53,73,98,5.26,overcast clouds,ID,2021-10-24 22:58:11
303,Santa Maria,-29.6842,-53.8069,67.3,49,0,2.3,clear sky,BR,2021-10-24 22:58:12
304,Stromness,58.965,-3.296,52.05,85,100,5.01,overcast clouds,GB,2021-10-24 22:58:12
305,Antalaha,-14.9003,50.2788,73.76,90,96,4.25,overcast clouds,MG,2021-10-24 22:55:17
306,Asilah,35.465,-6.0348,67.96,82,56,11.74,broken clouds,MA,2021-10-24 22:55:10
307,Saint-Pierre,-21.3393,55.4781,73.08,75,90,4.61,overcast clouds,RE,2021-10-24 22:47:17
308,Puerto Quijarro,-17.7833,-57.7667,70.23,87,100,1.59,overcast clouds,BO,2021-10-24 22:58:13
309,Springbok,-29.6643,17.8865,58.96,29,0,9.95,clear sky,ZA,2021-10-24 22:54:30
310,Ronneby,56.21,15.276,48.7,87,75,8.05,broken clouds,SE,2021-10-24 22:58:13
311,Paso De Los Toros,-32.8167,-56.5167,59.67,57,0,12.06,clear sky,UY,2021-10-24 22:58:13
312,Evensk,61.95,159.2333,9.01,72,75,2.21,broken clouds,RU,2021-10-24 22:53:53
313,Campos Belos,-13.0367,-46.7717,78.94,66,100,2.62,light rain,BR,2021-10-24 22:58:14
314,Lodwar,3.1191,35.5973,85.71,41,15,16.04,few clouds,KE,2021-10-24 22:50:24
315,Chincha Alta,-13.4099,-76.1323,64.99,74,5,4.54,clear sky,PE,2021-10-24 22:58:14
316,Tabou,4.423,-7.3528,77.31,85,91,7.18,overcast clouds,CI,2021-10-24 22:50:19
317,Sao Joao Da Barra,-21.6403,-41.0511,74.98,93,100,11.25,overcast clouds,BR,2021-10-24 22:50:39
318,Penzance,50.1186,-5.5371,54.77,87,55,17.43,broken clouds,GB,2021-10-24 22:58:14
319,Puerto Ayacucho,5.6639,-67.6236,77.41,90,97,5.77,moderate rain,VE,2021-10-24 22:58:15
320,Khelyulya,61.7333,30.6833,34.21,75,98,9.95,overcast clouds,RU,2021-10-24 22:58:15
321,Takoradi,4.8845,-1.7554,77.83,86,36,5.95,scattered clouds,GH,2021-10-24 22:58:15
322,Piacabucu,-10.4056,-36.4344,78.4,81,63,12.5,broken clouds,BR,2021-10-24 22:55:10
323,Scarborough,54.2797,-0.4044,54.09,89,29,1.99,scattered clouds,GB,2021-10-24 22:57:51
324,Lorengau,-2.0226,147.2712,82.36,80,71,8.84,broken clouds,PG,2021-10-24 22:45:55
325,Novorudnyy,51.5026,58.1873,45.09,91,100,2.55,light rain,RU,2021-10-24 22:58:16
326,Yerofey Pavlovich,53.9667,121.9667,30.04,91,69,1.34,broken clouds,RU,2021-10-24 22:58:16
327,Mirnyy,62.5353,113.9611,32.88,97,100,7.54,light snow,RU,2021-10-24 22:58:17
328,Itarema,-2.9248,-39.9167,80.26,73,2,14.58,clear sky,BR,2021-10-24 22:58:17
329,Kisarawe,-6.9,39.0667,69.58,93,5,2.66,clear sky,TZ,2021-10-24 22:58:17
330,Tiksi,71.6872,128.8694,-0.47,100,100,4.16,overcast clouds,RU,2021-10-24 22:54:16
331,Dalbandin,28.8947,64.4101,60.39,15,0,1.97,clear sky,PK,2021-10-24 22:51:19
332,Morehead,37.2711,-87.1764,76.84,60,1,14.97,clear sky,US,2021-10-24 22:58:18
333,Airai,-8.9266,125.4092,68.02,65,98,1.07,overcast clouds,TL,2021-10-24 22:50:48
334,Tommot,58.9564,126.2925,34.54,85,100,8.66,overcast clouds,RU,2021-10-24 22:58:18
335,Kiama,-34.6833,150.8667,64.38,52,6,4.18,clear sky,AU,2021-10-24 22:55:46
336,Vostok,46.4856,135.8833,37.26,64,1,3.91,clear sky,RU,2021-10-24 22:49:47
337,Surt,31.2089,16.5887,75.94,69,91,14.27,overcast clouds,LY,2021-10-24 22:58:19
338,Alofi,-19.0595,-169.9187,80.49,54,54,18.41,broken clouds,NU,2021-10-24 22:54:33
339,Ust-Ishim,57.6935,71.1665,46.31,91,100,11.12,light rain,RU,2021-10-24 22:58:19
340,Northam,51.0333,-4.2167,57.09,94,27,13.82,scattered clouds,GB,2021-10-24 22:58:19
341,Aberystwyth,52.4155,-4.0829,53.89,91,47,14.36,scattered clouds,GB,2021-10-24 22:58:20
342,Acarau,-2.8856,-40.12,80.4,74,7,15.26,clear sky,BR,2021-10-24 22:58:20
343,Fresno,36.6666,-119.8343,72.21,49,99,13.98,overcast clouds,US,2021-10-24 22:57:39
344,Anadyr,64.75,177.4833,5.5,85,75,2.24,broken clouds,RU,2021-10-24 22:50:26
345,Nuevo Progreso,23.1667,-97.95,89.6,59,94,8.81,overcast clouds,MX,2021-10-24 22:53:59
346,Asbe Teferi,9.0833,40.8667,60.49,40,6,2.35,clear sky,ET,2021-10-24 22:58:21
347,Russell,32.3502,-85.1999,73.0,83,20,0.0,few clouds,US,2021-10-24 22:50:46
348,Cap Malheureux,-19.9842,57.6142,74.46,69,90,7.0,overcast clouds,MU,2021-10-24 22:54:31
349,Esperance,-33.8667,121.9,66.04,39,100,9.69,overcast clouds,AU,2021-10-24 22:53:54
350,Novikovo,51.1537,37.8879,34.47,76,41,10.78,scattered clouds,RU,2021-10-24 22:58:21
351,San Anselmo,37.9747,-122.5616,63.5,94,75,1.99,heavy intensity rain,US,2021-10-24 22:58:22
352,Chapais,49.7834,-74.8492,38.98,79,95,3.74,overcast clouds,CA,2021-10-24 22:58:22
353,Terrace,54.5163,-128.6035,52.43,57,75,18.41,broken clouds,CA,2021-10-24 22:55:06
354,Pokhara,28.2333,83.9833,59.68,63,0,6.64,clear sky,NP,2021-10-24 22:55:32
355,Sinazongwe,-17.2614,27.4618,80.37,51,17,5.7,few clouds,ZM,2021-10-24 22:58:23
356,Aginskoye,51.1,114.53,32.56,83,11,10.78,few clouds,RU,2021-10-24 22:58:23
357,Chuy,-33.6971,-53.4616,58.64,72,0,7.78,clear sky,UY,2021-10-24 22:54:08
358,Grand Gaube,-20.0064,57.6608,74.37,69,92,8.01,overcast clouds,MU,2021-10-24 22:50:54
359,Hede,33.7681,120.2517,54.23,80,0,2.64,light rain,CN,2021-10-24 22:58:23
360,Ahuimanu,21.4447,-157.8378,83.91,58,40,18.41,scattered clouds,US,2021-10-24 22:50:14
361,Mezen,65.8522,44.24,28.6,86,36,13.6,scattered clouds,RU,2021-10-24 22:58:24
362,Mercedes,-34.6515,-59.4307,69.03,40,0,5.08,clear sky,AR,2021-10-24 22:58:24
363,Rundu,-17.9333,19.7667,76.12,54,96,4.27,overcast clouds,NA,2021-10-24 22:58:24
364,Dedovichi,57.5517,29.9502,30.78,85,68,5.66,broken clouds,RU,2021-10-24 22:58:25
365,Meadow Lake,34.8014,-106.5436,76.39,17,3,17.56,clear sky,US,2021-10-24 22:55:20
366,Maceio,-9.6658,-35.7353,78.24,94,0,5.75,clear sky,BR,2021-10-24 22:57:14
367,Ayan,56.45,138.1667,39.6,73,40,1.99,scattered clouds,RU,2021-10-24 22:58:25
368,Isla Mujeres,21.2311,-86.731,86.16,81,100,8.63,overcast clouds,MX,2021-10-24 22:58:26
369,Longyearbyen,78.2186,15.6401,19.24,73,75,3.44,broken clouds,SJ,2021-10-24 22:55:13
370,Amuntai,-2.4177,115.2494,76.21,91,46,0.69,scattered clouds,ID,2021-10-24 22:58:26
371,Flinders,-34.5833,150.8552,64.18,52,2,4.0,clear sky,AU,2021-10-24 22:54:18
372,Gallipoli,40.4103,26.6708,53.47,67,65,20.51,broken clouds,TR,2021-10-24 22:58:26
373,Shitanjing,39.2342,106.3439,43.25,45,65,2.46,broken clouds,CN,2021-10-24 22:58:27
374,Behshahr,36.6923,53.5526,51.75,58,29,3.8,scattered clouds,IR,2021-10-24 22:58:27
375,Narsaq,60.9167,-46.05,27.27,48,93,6.62,overcast clouds,GL,2021-10-24 22:53:57
376,Dandong,40.1292,124.3947,46.17,83,1,2.24,clear sky,CN,2021-10-24 22:54:50
377,Fomboni,-12.28,43.7425,79.66,84,11,16.37,few clouds,KM,2021-10-24 22:58:28
378,Tucuman,-26.8241,-65.2226,86.0,17,0,18.41,clear sky,AR,2021-10-24 22:50:14
379,Grand Island,40.925,-98.342,50.61,88,72,3.0,broken clouds,US,2021-10-24 22:58:28
380,Luganville,-15.5333,167.1667,81.48,78,45,8.19,scattered clouds,VU,2021-10-24 22:50:36
381,Kriel,-26.2739,29.2253,51.82,84,97,13.62,overcast clouds,ZA,2021-10-24 22:58:28
382,Atar,20.5169,-13.0499,84.22,21,28,2.42,scattered clouds,MR,2021-10-24 22:54:25
383,Harlingen,26.1906,-97.6961,91.49,50,57,11.18,broken clouds,US,2021-10-24 22:58:29
384,Vytegra,61.0064,36.4481,29.93,75,97,7.25,overcast clouds,RU,2021-10-24 22:58:29
385,Maarianhamina,60.0973,19.9348,49.86,81,90,12.66,overcast clouds,AX,2021-10-24 22:50:07
386,Saldanha,-33.0117,17.9442,55.45,79,0,14.58,clear sky,ZA,2021-10-24 22:50:18
387,Shimoda,34.6667,138.95,59.11,63,92,14.92,overcast clouds,JP,2021-10-24 22:58:30
388,Saint-Paul,-21.0096,55.2707,73.51,88,50,3.0,scattered clouds,RE,2021-10-24 22:58:30
389,Montoro,38.0241,-4.3834,63.99,41,3,2.51,clear sky,ES,2021-10-24 22:58:30
390,Cheremnoye,53.1697,83.2133,46.99,59,100,14.67,overcast clouds,RU,2021-10-24 22:58:31
391,Nome,64.5011,-165.4064,33.87,80,90,6.91,overcast clouds,US,2021-10-24 22:54:03
392,Santa Cruz,-17.8,-63.1667,73.45,60,75,4.61,broken clouds,BO,2021-10-24 22:58:31
393,Buala,-8.145,159.5921,85.39,68,20,0.47,few clouds,SB,2021-10-24 22:58:31
394,Raudeberg,61.9875,5.1352,53.38,93,100,11.99,overcast clouds,NO,2021-10-24 22:48:00
395,Vardo,70.3705,31.1107,34.9,56,55,6.69,broken clouds,NO,2021-10-24 22:58:32
396,Antofagasta,-23.65,-70.4,60.08,75,20,1.61,few clouds,CL,2021-10-24 22:48:46
397,Bilibino,68.0546,166.4372,-16.08,98,79,2.68,broken clouds,RU,2021-10-24 22:58:32
398,Zonguldak,41.25,31.8333,45.63,84,100,4.25,overcast clouds,TR,2021-10-24 22:58:33
399,Macroom,51.9,-8.95,49.55,91,7,7.27,clear sky,IE,2021-10-24 22:58:33
400,Nantucket,41.2835,-70.0995,54.97,56,61,12.19,broken clouds,US,2021-10-24 22:54:29
401,Champerico,14.3,-91.9167,85.35,79,100,5.86,overcast clouds,GT,2021-10-24 22:58:34
402,Qaqortoq,60.7167,-46.0333,31.33,58,99,4.92,overcast clouds,GL,2021-10-24 22:58:34
403,Inongo,-1.95,18.2667,71.94,94,55,4.41,broken clouds,CD,2021-10-24 22:58:35
404,Valdivia,-39.8142,-73.2459,57.29,94,100,4.45,overcast clouds,CL,2021-10-24 22:58:35
405,Kondinskoye,59.6481,67.41,38.95,98,100,1.68,light rain,RU,2021-10-24 22:58:36
406,Fredericton,45.9454,-66.6656,43.84,66,1,1.01,clear sky,CA,2021-10-24 22:58:36
407,Erzin,36.9559,36.2,54.12,76,1,2.13,clear sky,TR,2021-10-24 22:58:37
408,Mackenzie,55.2999,-123.1698,41.22,75,1,8.05,clear sky,CA,2021-10-24 22:50:38
409,Comodoro Rivadavia,-45.8667,-67.5,64.26,36,100,46.04,dust,AR,2021-10-24 22:51:16
410,Hagere Selam,6.4833,38.5167,45.48,88,18,5.35,few clouds,ET,2021-10-24 22:58:38
411,Darhan,49.4867,105.9228,34.21,59,20,4.59,few clouds,MN,2021-10-24 22:58:39
412,Emba,48.8264,58.1442,46.63,51,100,7.9,overcast clouds,KZ,2021-10-24 22:50:23
413,Nanortalik,60.1432,-45.2371,32.88,98,100,3.83,light snow,GL,2021-10-24 22:50:14
414,Kosh-Agach,50.0,88.6667,23.47,70,48,1.61,scattered clouds,RU,2021-10-24 22:58:39
415,Ofaqim,31.3141,34.6203,68.74,73,0,3.69,clear sky,IL,2021-10-24 22:58:40
416,Obihiro,42.9172,143.2044,44.01,75,0,0.83,clear sky,JP,2021-10-24 22:58:40
417,Progreso,21.2833,-89.6667,82.35,82,100,8.81,overcast clouds,MX,2021-10-24 22:50:50
418,Saint Anthony,45.0205,-93.218,49.24,56,1,1.01,clear sky,US,2021-10-24 22:51:13
419,Fallon,39.4735,-118.7774,58.91,90,100,27.96,overcast clouds,US,2021-10-24 22:58:41
420,Turochak,52.2576,87.1224,44.64,80,100,2.39,overcast clouds,RU,2021-10-24 22:58:41
421,Lyuban,52.7985,28.0048,33.24,80,56,4.09,broken clouds,BY,2021-10-24 22:58:41
422,Saint-Ambroise,48.5501,-71.3324,44.42,49,99,12.66,overcast clouds,CA,2021-10-24 22:58:42
423,Ginir,7.1333,40.7,56.86,55,67,5.97,broken clouds,ET,2021-10-24 22:58:42
424,Ola,59.5833,151.2833,27.57,70,100,4.14,overcast clouds,RU,2021-10-24 22:57:31
425,Teguise,29.0605,-13.564,68.22,73,75,8.05,broken clouds,ES,2021-10-24 22:58:43
426,Adrar,20.5022,-10.0711,83.05,23,28,7.36,scattered clouds,MR,2021-10-24 22:54:39
427,Sioux Lookout,50.1001,-91.917,39.58,70,40,3.44,scattered clouds,CA,2021-10-24 22:58:43
428,Port-Gentil,-0.7193,8.7815,78.76,89,75,8.05,light rain,GA,2021-10-24 22:55:27
429,Sola,-13.8833,167.55,86.67,74,75,0.0,broken clouds,VU,2021-10-24 22:50:45
430,Pringsewu,-5.3582,104.9744,74.21,97,83,2.55,broken clouds,ID,2021-10-24 22:55:39
431,Otane,-39.8833,176.6333,72.39,68,90,6.24,overcast clouds,NZ,2021-10-24 22:58:44
432,Athabasca,54.7169,-113.2854,51.62,71,48,9.82,scattered clouds,CA,2021-10-24 22:50:52
433,Rio Branco,-9.9747,-67.81,92.01,55,40,4.61,scattered clouds,BR,2021-10-24 22:58:04
434,Alta Floresta,-9.8756,-56.0861,77.32,76,78,2.75,moderate rain,BR,2021-10-24 22:58:45
435,Saravan,39.7196,45.6483,36.25,34,11,4.41,few clouds,AM,2021-10-24 22:58:45
436,Santa Isabel,-23.3156,-46.2214,63.66,97,100,6.64,light rain,BR,2021-10-24 22:58:45
437,Brae,60.3964,-1.353,53.51,83,75,14.88,broken clouds,GB,2021-10-24 22:58:46
438,Sinnamary,5.3833,-52.95,78.04,91,100,9.69,moderate rain,GF,2021-10-24 22:54:16
439,Partenit,44.578,34.3446,45.21,63,8,8.52,clear sky,UA,2021-10-24 22:58:46
440,Honningsvag,70.9821,25.9704,35.35,73,44,13.13,scattered clouds,NO,2021-10-24 22:51:00
441,Sitka,57.0531,-135.33,48.31,68,100,6.69,overcast clouds,US,2021-10-24 22:54:20
442,San Quintin,30.4833,-115.95,66.78,70,12,16.89,few clouds,MX,2021-10-24 22:55:38
443,Thinadhoo,0.5333,72.9333,82.8,71,87,14.47,overcast clouds,MV,2021-10-24 22:58:47
444,Japura,-0.3167,102.35,73.38,99,100,4.16,overcast clouds,ID,2021-10-24 22:58:47
445,Hare Bay,48.8499,-54.0148,54.75,88,91,15.48,overcast clouds,CA,2021-10-24 22:58:47
446,Kalmunai,7.4167,81.8167,77.83,85,100,6.4,overcast clouds,LK,2021-10-24 22:54:50
447,Vestmannaeyjar,63.4427,-20.2734,44.82,90,100,6.82,overcast clouds,IS,2021-10-24 22:55:03
448,Pauini,-7.7136,-66.9764,81.37,69,74,2.62,broken clouds,BR,2021-10-24 22:58:48
449,Esmeralda,21.8525,-78.1169,77.77,87,99,5.95,overcast clouds,CU,2021-10-24 22:58:48
450,Gayeri,12.6497,0.4931,83.7,46,83,5.21,broken clouds,BF,2021-10-24 22:58:49
451,Metkovic,43.0542,17.6483,43.27,63,68,6.89,broken clouds,HR,2021-10-24 22:58:49
452,Cairns,-16.9167,145.7667,85.95,65,14,5.75,few clouds,AU,2021-10-24 22:54:55
453,San Ramon De La Nueva Oran,-23.1322,-64.326,78.39,28,0,3.15,clear sky,AR,2021-10-24 22:58:49
454,Eresos,39.1667,25.9333,58.24,71,66,22.97,broken clouds,GR,2021-10-24 22:58:50
455,Trairi,-3.2778,-39.2689,79.74,72,3,11.14,clear sky,BR,2021-10-24 22:45:43
456,Kuito,-12.3833,16.9333,64.22,86,97,4.09,overcast clouds,AO,2021-10-24 22:58:50
457,Pierre,44.3683,-100.351,45.05,87,90,10.0,overcast clouds,US,2021-10-24 22:58:50
458,Rorvik,64.8621,11.2373,45.12,92,100,20.67,light rain,NO,2021-10-24 22:58:51
459,Tiarei,-17.5333,-149.3333,75.22,92,100,14.18,light rain,PF,2021-10-24 22:55:08
460,College Station,30.628,-96.3344,87.55,62,40,5.75,scattered clouds,US,2021-10-24 22:56:46
461,Macau,22.2006,113.5461,69.08,73,20,16.11,few clouds,MO,2021-10-24 22:55:07
462,Porto Walter,-8.2686,-72.7439,88.29,49,72,5.39,broken clouds,BR,2021-10-24 22:58:51
463,Gaurela,22.75,81.9,63.18,70,8,2.21,clear sky,IN,2021-10-24 22:58:52
464,Aripuana,-9.1667,-60.6333,74.34,93,71,1.16,broken clouds,BR,2021-10-24 22:58:52
465,Pitimbu,-7.4706,-34.8086,79.39,73,76,9.04,broken clouds,BR,2021-10-24 22:55:39
466,Grindavik,63.8424,-22.4338,46.35,100,90,4.61,overcast clouds,IS,2021-10-24 22:53:48
467,Ucluelet,48.9329,-125.5528,53.1,83,98,5.01,overcast clouds,CA,2021-10-24 22:57:10
468,Mikhaylovskoye,51.8239,79.7172,41.16,72,61,8.72,broken clouds,RU,2021-10-24 22:58:53
469,Hilton Head Island,32.2163,-80.7526,77.11,83,1,5.75,clear sky,US,2021-10-24 22:54:32
470,Pisco,-13.7,-76.2167,66.25,68,0,21.85,clear sky,PE,2021-10-24 22:54:28
471,Havre-Saint-Pierre,50.2334,-63.5986,48.2,87,90,8.05,overcast clouds,CA,2021-10-24 22:58:53
472,Dillon,34.4166,-79.3712,75.36,63,96,8.43,overcast clouds,US,2021-10-24 22:58:54
473,Awjilah,29.1081,21.2869,73.94,31,11,12.86,few clouds,LY,2021-10-24 22:58:54
474,Ust-Omchug,61.15,149.6333,8.8,96,94,3.18,overcast clouds,RU,2021-10-24 22:58:54
475,Kusti,13.1629,32.6635,91.49,27,70,5.17,broken clouds,SD,2021-10-24 22:58:55
476,Dunedin,-45.8742,170.5036,60.82,70,75,3.38,broken clouds,NZ,2021-10-24 22:46:31
477,Baracoa,20.3467,-74.4958,79.7,84,68,6.85,broken clouds,CU,2021-10-24 22:58:55
478,Mecca,21.4267,39.8261,79.29,64,0,2.17,clear sky,SA,2021-10-24 22:51:05
479,Gloversville,43.0528,-74.3438,51.94,82,90,3.44,overcast clouds,US,2021-10-24 22:58:55
480,Motygino,58.1831,94.7592,39.07,81,83,11.12,broken clouds,RU,2021-10-24 22:58:56
481,Port Hedland,-20.3167,118.5667,75.25,41,7,4.61,clear sky,AU,2021-10-24 22:51:20
482,Naryan-Mar,67.6713,53.087,20.53,97,86,4.85,overcast clouds,RU,2021-10-24 22:58:56
483,Bam,29.106,58.357,66.42,25,0,5.93,clear sky,IR,2021-10-24 22:57:49
484,Samarai,-10.6167,150.6667,82.83,76,40,12.53,scattered clouds,PG,2021-10-24 22:50:53
485,Bondo,3.8146,23.6866,67.41,99,94,1.72,overcast clouds,CD,2021-10-24 22:58:57
486,Nautla,20.2167,-96.7833,81.37,80,56,4.34,broken clouds,MX,2021-10-24 22:58:57
487,Egvekinot,66.3167,-179.1667,6.19,85,25,5.93,scattered clouds,RU,2021-10-24 22:50:18
488,Karratha,-20.7377,116.8463,78.3,48,1,11.21,clear sky,AU,2021-10-24 22:58:57
489,Severo-Kurilsk,50.6789,156.125,39.15,69,55,18.77,broken clouds,RU,2021-10-24 22:53:52
490,Portobelo,9.55,-79.65,84.61,80,100,1.32,overcast clouds,PA,2021-10-24 22:58:58
491,Umm Lajj,25.0213,37.2685,77.13,64,0,9.24,clear sky,SA,2021-10-24 22:58:58
492,Mattru,7.6244,-11.8332,74.73,96,100,2.62,overcast clouds,SL,2021-10-24 22:58:58
493,La Rioja,42.25,-2.5,41.49,43,2,5.84,clear sky,ES,2021-10-24 22:58:59
494,Presidencia Roque Saenz Pena,-26.7852,-60.4388,68.18,42,0,3.22,clear sky,AR,2021-10-24 22:58:59
495,State College,40.7934,-77.86,54.18,91,100,1.01,light rain,US,2021-10-24 22:55:47
496,Muli,2.9167,73.5667,82.27,75,23,14.09,few clouds,MV,2021-10-24 22:58:59
497,Tilichiki,60.4667,166.1,11.03,88,49,7.4,scattered clouds,RU,2021-10-24 22:54:33
498,Namatanai,-3.6667,152.4333,84.45,67,92,5.19,overcast clouds,PG,2021-10-24 22:59:00
499,San Carlos De Bariloche,-41.1456,-71.3082,55.15,47,40,47.18,dust,AR,2021-10-24 22:47:32
500,Westport,41.1415,-73.3579,56.79,65,97,1.99,overcast clouds,US,2021-10-24 22:57:31
501,Waingapu,-9.6567,120.2641,80.87,79,89,1.21,overcast clouds,ID,2021-10-24 22:59:00
502,Acandi,8.5063,-77.2778,78.93,88,60,4.03,broken clouds,CO,2021-10-24 22:59:01
503,Saint-Philippe,-21.3585,55.7679,72.99,85,48,16.33,scattered clouds,RE,2021-10-24 22:54:53
504,Makakilo City,21.3469,-158.0858,82.72,53,75,10.36,broken clouds,US,2021-10-24 22:50:44
505,Saint George,37.1041,-113.5841,75.67,32,1,4.0,clear sky,US,2021-10-24 22:54:09
506,Umea,63.8284,20.2597,37.9,100,90,1.14,light rain,SE,2021-10-24 22:59:01
507,Te Anau,-45.4167,167.7167,61.27,79,99,2.37,light rain,NZ,2021-10-24 22:54:54
508,Prieska,-29.6641,22.7474,55.85,25,0,8.55,clear sky,ZA,2021-10-24 22:59:02
509,Guatavita,4.9366,-73.8331,56.91,95,100,1.21,light rain,CO,2021-10-24 22:59:03
510,Urumqi,43.801,87.6005,32.95,75,0,4.47,clear sky,CN,2021-10-24 22:59:03
511,Marsa Matruh,31.3525,27.2453,70.48,73,6,8.61,clear sky,EG,2021-10-24 22:50:42
512,Gouloure,12.2306,-1.9289,83.93,64,78,4.72,broken clouds,BF,2021-10-24 22:59:03
513,Pinhao,-25.6956,-51.6597,52.83,89,9,3.49,clear sky,BR,2021-10-24 22:57:00
514,Kungurtug,50.5994,97.5228,28.58,71,76,2.51,broken clouds,RU,2021-10-24 22:59:04
515,Ormara,25.2088,64.6357,76.6,56,0,3.76,clear sky,PK,2021-10-24 22:51:08
516,Saint-Francois,46.4154,3.9054,43.68,100,0,3.44,mist,FR,2021-10-24 22:59:04
517,Vila Velha,-20.3297,-40.2925,78.75,83,20,13.8,few clouds,BR,2021-10-24 22:54:12
518,Miraflores,19.2167,-98.8083,69.87,79,97,4.88,overcast clouds,MX,2021-10-24 22:59:05
519,Sangamner,19.5667,74.2167,67.6,80,23,3.49,few clouds,IN,2021-10-24 22:59:05
520,Biltine,14.5333,20.9167,83.91,21,8,15.61,clear sky,TD,2021-10-24 22:59:05
521,Salinopolis,-0.6136,-47.3561,81.36,81,1,11.81,clear sky,BR,2021-10-24 22:46:49
522,Curaca,-8.9903,-39.9094,86.94,51,78,3.69,broken clouds,BR,2021-10-24 22:59:06
523,Seoul,37.5683,126.9778,45.84,93,20,2.3,few clouds,KR,2021-10-24 22:50:33
524,Nanning,22.8167,108.3167,59.45,74,9,3.22,clear sky,CN,2021-10-24 22:58:35
525,Henties Bay,-22.116,14.2845,58.86,89,0,5.12,clear sky,NA,2021-10-24 22:55:34
526,Bukachacha,52.9833,116.9167,28.89,90,26,1.92,scattered clouds,RU,2021-10-24 22:59:06
527,Birao,10.2849,22.7882,76.41,44,98,1.79,overcast clouds,CF,2021-10-24 22:50:12
528,Kieta,-6.2167,155.6333,85.41,62,84,1.7,broken clouds,PG,2021-10-24 22:59:07
529,Rio Gallegos,-51.6226,-69.2181,48.25,27,0,31.07,clear sky,AR,2021-10-24 22:55:21
530,Alpena,45.0617,-83.4327,48.34,86,89,3.0,overcast clouds,US,2021-10-24 22:59:07
531,Ilo,-17.6394,-71.3375,60.85,80,23,4.79,few clouds,PE,2021-10-24 22:55:02
532,Kamenka,51.3223,42.7678,36.95,83,99,13.76,overcast clouds,RU,2021-10-24 22:59:08
533,Tunceli,39.1083,39.5471,51.3,25,5,3.49,clear sky,TR,2021-10-24 22:59:08
534,Buy,58.4786,41.53,27.5,91,62,8.28,broken clouds,RU,2021-10-24 22:59:08
535,Jardim,-21.4803,-56.1381,69.58,71,65,4.63,broken clouds,BR,2021-10-24 22:50:17
536,Tombouctou,20.0,-3.0,85.17,23,1,10.07,clear sky,ML,2021-10-24 22:54:17
537,Taoudenni,22.6783,-3.9836,86.04,17,10,9.89,clear sky,ML,2021-10-24 22:51:58
538,Chibuto,-24.6867,33.5306,65.41,87,100,14.58,light rain,MZ,2021-10-24 22:59:09
539,South Venice,27.0531,-82.4243,80.98,88,100,0.0,overcast clouds,US,2021-10-24 22:59:09
540,Akyab,20.15,92.9,75.92,78,86,4.9,overcast clouds,MM,2021-10-24 22:54:31
541,Bayan,46.0833,127.4,41.94,75,54,6.98,broken clouds,CN,2021-10-24 22:59:10
542,Puerto Narino,-3.7703,-70.3831,82.35,72,99,3.02,overcast clouds,CO,2021-10-24 22:59:10
543,Port Augusta,-32.5,137.7667,64.71,33,0,7.63,clear sky,AU,2021-10-24 22:51:23
544,Altea,38.5989,-0.0514,63.68,79,3,5.06,clear sky,ES,2021-10-24 22:59:10
545,Iquitos,-3.7481,-73.2472,91.44,62,20,4.61,few clouds,PE,2021-10-24 22:55:25
546,Rio Rancho,35.2334,-106.6645,77.05,21,5,4.0,clear sky,US,2021-10-24 22:59:11
547,Yakima,46.4665,-120.6678,53.04,93,100,3.38,light rain,US,2021-10-24 22:59:11
548,Malaya Serdoba,52.4661,44.9512,36.28,98,100,12.24,overcast clouds,RU,2021-10-24 22:59:11
549,Burns Lake,54.2331,-125.7533,42.22,79,100,7.38,overcast clouds,CA,2021-10-24 22:59:12
550,Deputatskiy,69.3,139.9,0.81,98,100,1.16,overcast clouds,RU,2021-10-24 22:59:12
551,Les Cayes,18.2,-73.75,79.57,79,56,5.28,broken clouds,HT,2021-10-24 22:59:12
552,San Cristobal,7.7669,-72.225,75.38,88,72,1.97,broken clouds,VE,2021-10-24 22:59:13
553,Chumikan,54.7183,135.315,35.6,82,86,14.67,overcast clouds,RU,2021-10-24 22:59:13
554,Bagan,54.1001,77.6646,46.18,59,99,15.97,overcast clouds,RU,2021-10-24 22:59:13
555,Salto,-31.3833,-57.9667,71.76,43,0,8.05,clear sky,UY,2021-10-24 22:59:14
556,Tigil,57.8,158.6667,21.81,98,84,4.59,broken clouds,RU,2021-10-24 22:54:41
557,Cuamba,-14.8031,36.5372,78.17,50,7,8.46,clear sky,MZ,2021-10-24 22:59:14
558,Kelso,46.1468,-122.9084,57.87,83,91,11.99,overcast clouds,US,2021-10-24 22:59:14
559,Troitsko-Pechorsk,62.7084,56.1964,25.9,93,100,3.94,overcast clouds,RU,2021-10-24 22:59:15
560,Taizhou,32.4933,119.9106,53.89,78,0,3.24,light rain,CN,2021-10-24 22:59:15
561,Haicheng,40.8516,122.7475,47.23,76,7,9.42,clear sky,CN,2021-10-24 22:59:15
562,Poplar Bluff,36.757,-90.3929,80.38,50,44,20.27,scattered clouds,US,2021-10-24 22:59:16
563,Kerman,30.2832,57.0788,57.06,24,0,4.61,clear sky,IR,2021-10-24 22:59:16
564,Maine-Soroa,13.2114,12.0241,87.19,19,68,7.7,broken clouds,NE,2021-10-24 22:59:16
565,Krasnovishersk,60.4078,57.082,32.41,95,100,5.75,light snow,RU,2021-10-24 22:59:17
566,Bogovarovo,58.9785,47.0246,31.41,78,100,10.02,overcast clouds,RU,2021-10-24 22:59:17
567,Walvis Bay,-22.9575,14.5053,59.09,88,0,8.05,clear sky,NA,2021-10-24 22:59:17
568,Nazare,-13.035,-39.0144,75.92,94,94,4.03,moderate rain,BR,2021-10-24 22:59:18
569,Bereda,43.2686,-7.5406,53.91,100,15,1.86,few clouds,ES,2021-10-24 22:51:26
570,Goure,13.9835,10.2704,87.03,16,12,7.54,few clouds,NE,2021-10-24 22:50:54
571,Matara,5.9485,80.5353,76.86,90,100,7.02,overcast clouds,LK,2021-10-24 22:51:22
572,Inhambane,-23.865,35.3833,73.08,89,99,4.09,overcast clouds,MZ,2021-10-24 22:55:01
573,Channel-Port Aux Basques,47.5702,-59.1367,50.68,91,100,30.09,overcast clouds,CA,2021-10-24 22:59:18
574,Kainantu,-6.2887,145.8655,70.39,62,92,3.65,overcast clouds,PG,2021-10-24 22:59:19
575,Faya,18.3851,42.4509,59.11,55,14,2.77,few clouds,SA,2021-10-24 22:50:29
576,Auki,-8.7676,160.7034,83.39,73,16,3.51,few clouds,SB,2021-10-24 22:59:19
577,Vestmanna,62.1564,-7.1664,49.12,100,90,18.41,overcast clouds,FO,2021-10-24 22:54:07
578,Upata,8.0086,-62.3989,73.18,93,100,2.89,overcast clouds,VE,2021-10-24 22:59:20
579,Mount Gambier,-37.8333,140.7667,51.71,66,90,5.75,overcast clouds,AU,2021-10-24 22:59:21
580,Sabaudia,41.3003,13.0282,65.79,53,85,9.4,overcast clouds,IT,2021-10-24 22:59:22
581,Petatlan,17.5167,-101.2667,74.75,94,100,5.97,overcast clouds,MX,2021-10-24 22:59:22
582,Batemans Bay,-35.7167,150.1833,62.1,63,93,2.53,overcast clouds,AU,2021-10-24 22:59:23
583,Casper,42.8666,-106.3131,57.51,43,51,11.01,broken clouds,US,2021-10-24 22:59:23
584,Prince Rupert,54.3161,-130.3201,53.29,60,100,3.44,overcast clouds,CA,2021-10-24 22:47:02
585,Sinnai,39.3042,9.2036,62.51,87,75,8.05,broken clouds,IT,2021-10-24 22:59:24
586,Eureka,40.8021,-124.1637,59.2,86,100,5.01,overcast clouds,US,2021-10-24 22:58:07
587,Iskateley,67.6803,53.1512,20.14,97,84,4.74,broken clouds,RU,2021-10-24 22:51:24
588,Jalu,29.0331,21.5482,73.24,32,17,12.08,few clouds,LY,2021-10-24 22:59:24
589,Buraydah,26.326,43.975,73.85,29,0,6.17,clear sky,SA,2021-10-24 22:54:21
590,Jumla,29.2747,82.1838,43.07,79,2,4.41,clear sky,NP,2021-10-24 22:50:17
591,Manokwari,-0.8667,134.0833,80.55,71,100,0.72,overcast clouds,ID,2021-10-24 22:54:20
592,Aras,42.5617,-2.356,45.72,91,0,2.3,clear sky,ES,2021-10-24 22:59:25
593,Sao Felix Do Xingu,-6.6447,-51.995,74.12,97,93,1.25,overcast clouds,BR,2021-10-24 22:59:25
594,Jawad,24.6,74.85,68.97,73,37,2.8,scattered clouds,IN,2021-10-24 22:59:26
595,North Battleford,52.7834,-108.2847,43.41,81,90,23.02,overcast clouds,CA,2021-10-24 22:56:19
596,Belmonte,-15.8631,-38.8828,77.5,90,48,7.9,scattered clouds,BR,2021-10-24 22:55:24
597,Ca Mau,9.1769,105.15,75.51,94,100,4.5,overcast clouds,VN,2021-10-24 22:55:28
598,Honiara,-9.4333,159.95,86.0,69,9,2.64,clear sky,SB,2021-10-24 22:59:26
599,Qasigiannguit,68.8193,-51.1922,5.2,80,95,6.24,overcast clouds,GL,2021-10-24 22:59:27
600,Wejherowo,54.6057,18.2356,41.83,90,88,1.99,overcast clouds,PL,2021-10-24 22:59:27
601,Varhaug,58.6147,5.6457,50.9,91,100,19.93,light rain,NO,2021-10-24 22:59:27
602,Tamasane,-22.4184,27.4013,63.36,64,80,19.17,broken clouds,BW,2021-10-24 22:59:29
603,Jamalpur,24.9167,89.9333,70.68,85,0,3.09,clear sky,BD,2021-10-24 22:59:29
604,Robertsport,6.7533,-11.3686,79.09,84,100,6.64,moderate rain,LR,2021-10-24 22:59:29
605,Finschhafen,-6.6024,147.8681,84.25,67,45,5.35,scattered clouds,PG,2021-10-24 22:59:30
606,Narasaraopet,16.25,80.0667,73.17,87,99,3.69,overcast clouds,IN,2021-10-24 22:59:30
607,Tessalit,20.1986,1.0114,85.32,20,33,9.69,scattered clouds,ML,2021-10-24 22:52:47
608,Royan,45.6285,-1.0281,58.98,93,37,8.23,scattered clouds,FR,2021-10-24 22:59:30
609,Valparaiso,-33.0393,-71.6273,76.64,36,0,16.11,clear sky,CL,2021-10-24 22:59:31
610,Suez,29.9737,32.5263,63.34,78,0,8.01,clear sky,EG,2021-10-24 22:59:31
611,Edinburg,55.9521,-3.1965,52.77,85,40,5.01,scattered clouds,GB,2021-10-24 22:57:11
612,Aloleng,16.1307,119.7824,80.26,76,100,4.74,overcast clouds,PH,2021-10-24 22:54:44
613,Bairiki,1.3292,172.9752,86.0,66,20,2.3,few clouds,KI,2021-10-24 22:59:32
614,Hsinchu,24.8036,120.9686,71.67,83,96,5.99,overcast clouds,TW,2021-10-24 22:59:32
615,Tandil,-37.3217,-59.1332,58.19,51,1,13.44,clear sky,AR,2021-10-24 22:59:32
616,Samana,19.2056,-69.3369,84.16,78,49,7.54,scattered clouds,DO,2021-10-24 22:59:33
617,Lagunillas,10.1301,-71.2595,82.11,76,82,7.81,broken clouds,VE,2021-10-24 22:59:33
618,Morristown,36.214,-83.2949,67.91,67,75,3.49,broken clouds,US,2021-10-24 22:59:33
619,Hambantota,6.1241,81.1185,78.06,81,100,5.37,overcast clouds,LK,2021-10-24 22:53:49
620,Fazendas De Almeirim,39.1755,-8.5693,59.83,80,23,4.14,few clouds,PT,2021-10-24 22:59:34
621,Novodugino,55.6305,34.2842,28.44,92,18,5.99,few clouds,RU,2021-10-24 22:59:34
622,Nishihara,26.1842,127.7558,74.48,73,20,9.22,few clouds,JP,2021-10-24 22:55:11
623,Udachnyy,66.4167,112.4,12.11,99,98,3.18,overcast clouds,RU,2021-10-24 22:59:34
624,Bela,25.9333,81.9833,71.19,67,0,3.6,clear sky,IN,2021-10-24 22:59:35
625,Byron Bay,-28.65,153.6167,75.15,69,47,5.08,scattered clouds,AU,2021-10-24 22:55:15
626,Lake City,30.1897,-82.6393,79.63,73,40,3.44,scattered clouds,US,2021-10-24 22:55:15
627,Manado,1.487,124.8455,75.97,94,20,2.3,few clouds,ID,2021-10-24 22:59:35
628,Chulym,55.0997,80.9572,45.73,83,100,14.88,overcast clouds,RU,2021-10-24 22:59:36
629,Viedma,-40.8135,-62.9967,75.61,24,40,26.51,scattered clouds,AR,2021-10-24 22:55:19
630,Boudry,46.9499,6.8376,52.2,90,20,1.14,few clouds,CH,2021-10-24 22:59:36
631,Santa Barbara,34.7333,-120.0343,66.0,54,1,13.8,clear sky,US,2021-10-24 22:57:12
632,Blackwater,-23.5833,148.8833,83.55,45,75,2.04,broken clouds,AU,2021-10-24 22:59:37
633,Hella,67.2,14.4333,38.88,91,90,27.63,moderate rain,NO,2021-10-24 22:59:37
634,Ornskoldsvik,63.2909,18.7153,34.75,100,90,2.3,overcast clouds,SE,2021-10-24 22:59:37
635,Tambopata,-12.7333,-69.1833,66.09,88,75,9.22,moderate rain,PE,2021-10-24 22:59:38
636,Natal,-5.795,-35.2094,81.25,78,20,9.22,few clouds,BR,2021-10-24 22:55:09
637,Bucerias,20.75,-105.3333,86.99,79,100,7.83,overcast clouds,MX,2021-10-24 22:59:38
638,Basoko,1.2391,23.616,70.07,96,100,1.05,overcast clouds,CD,2021-10-24 22:59:38
639,Ust-Nera,64.5667,143.2,8.65,97,97,6.04,overcast clouds,RU,2021-10-24 22:59:39
640,Farafangana,-22.8167,47.8333,75.78,92,76,12.06,light rain,MG,2021-10-24 22:51:22
641,Husavik,66.0449,-17.3389,39.11,95,100,15.23,light rain,IS,2021-10-24 22:54:51
642,Salinas,36.6777,-121.6555,67.82,77,100,15.23,overcast clouds,US,2021-10-24 22:59:39
643,Simoes,-7.5989,-40.8178,80.11,63,99,3.49,overcast clouds,BR,2021-10-24 22:59:39
644,Klamath Falls,42.2249,-121.7817,47.86,88,95,1.99,light rain,US,2021-10-24 22:59:40
645,Elbistan,38.2059,37.1983,48.61,29,3,2.46,clear sky,TR,2021-10-24 22:59:40
646,Tocopilla,-22.092,-70.1979,61.25,70,21,3.96,few clouds,CL,2021-10-24 22:59:40
647,Clearlake,38.9582,-122.6264,54.27,72,100,8.3,moderate rain,US,2021-10-24 22:59:41
648,Trindade,-16.6494,-49.4889,74.95,91,100,4.23,overcast clouds,BR,2021-10-24 22:59:41
649,Sirjan,29.452,55.6814,56.44,30,0,5.5,clear sky,IR,2021-10-24 22:59:41
650,Verkhnyaya Inta,65.9811,60.3094,25.57,96,100,9.62,light snow,RU,2021-10-24 22:55:27
651,Kudahuvadhoo,2.6708,72.8944,82.4,74,27,15.14,scattered clouds,MV,2021-10-24 22:59:42
652,Whitehorse,60.7161,-135.0538,39.02,69,20,5.99,few clouds,CA,2021-10-24 22:54:55
653,Bambanglipuro,-7.95,110.2833,78.08,81,90,4.92,overcast clouds,ID,2021-10-24 22:59:42
654,Ancud,-41.8697,-73.8203,55.42,88,85,16.96,overcast clouds,CL,2021-10-24 22:53:58
655,Abu Samrah,35.3029,37.1841,63.03,65,0,3.94,clear sky,SY,2021-10-24 22:55:25
656,Quthing,-30.4,27.7003,49.01,72,41,3.91,scattered clouds,LS,2021-10-24 22:59:43
657,Qandala,11.472,49.8728,79.83,65,2,2.46,clear sky,SO,2021-10-24 22:59:43
658,Kristiinankaupunki,62.2743,21.376,47.03,92,100,18.28,overcast clouds,FI,2021-10-24 22:59:43
659,Onega,63.9061,38.1404,28.18,84,62,11.68,broken clouds,RU,2021-10-24 22:59:44
660,Donskoye,45.4552,41.9741,40.05,94,100,9.91,overcast clouds,RU,2021-10-24 22:59:45
661,Bahia De Caraquez,-0.6,-80.4167,77.18,83,91,10.4,overcast clouds,EC,2021-10-24 22:59:45
662,Polur,12.5,79.1333,74.37,91,100,3.58,overcast clouds,IN,2021-10-24 22:59:46
663,Camopi,3.1655,-52.3158,74.44,99,100,2.89,overcast clouds,GF,2021-10-24 22:59:47
664,Baculin,7.4525,126.5842,80.44,82,100,3.09,heavy intensity rain,PH,2021-10-24 22:59:47
665,Kyabram,-36.3167,145.05,55.87,53,4,15.66,clear sky,AU,2021-10-24 22:59:48
666,Kavieng,-2.5744,150.7967,84.47,68,61,10.18,broken clouds,PG,2021-10-24 22:55:26
667,Wattegama,6.7989,81.4808,74.08,91,100,1.5,overcast clouds,LK,2021-10-24 22:59:48
668,Along,28.1667,94.7667,60.1,86,10,1.68,clear sky,IN,2021-10-24 22:59:49
669,Gboko,7.3179,8.9951,76.82,79,58,3.83,broken clouds,NG,2021-10-24 22:59:49
670,Artyshta,54.1222,86.2909,39.92,74,100,13.27,overcast clouds,RU,2021-10-24 22:59:49
671,Victor Harbor,-35.5667,138.6167,59.72,65,27,1.01,scattered clouds,AU,2021-10-24 22:59:50
672,Kalisz,51.7611,18.091,35.73,69,13,9.57,few clouds,PL,2021-10-24 22:59:50
673,Tateyama,34.9833,139.8667,59.14,60,48,9.55,scattered clouds,JP,2021-10-24 22:59:50
674,Barabai,-2.5833,115.3833,76.57,88,52,0.92,broken clouds,ID,2021-10-24 22:59:50
675,Poya,-21.35,165.15,78.4,61,7,2.21,clear sky,NC,2021-10-24 22:59:51
676,Siguiri,11.6667,-9.5,74.59,85,68,1.72,light rain,GN,2021-10-24 22:59:51
677,El Espinal,16.3333,-94.0667,78.49,81,42,4.54,scattered clouds,MX,2021-10-24 22:59:51
678,Cape Coast,5.1053,-1.2466,78.22,87,32,6.31,scattered clouds,GH,2021-10-24 22:59:52
679,Pabna,24.0,89.25,73.45,78,0,2.06,clear sky,BD,2021-10-24 22:59:52
680,Igarka,67.4667,86.5833,24.55,93,100,13.85,light snow,RU,2021-10-24 22:59:53
681,Nongstoin,25.5167,91.2667,55.71,88,1,3.47,clear sky,IN,2021-10-24 22:59:53
682,Ballina,-28.8667,153.5667,71.78,78,75,3.44,broken clouds,AU,2021-10-24 22:59:53
683,Beneditinos,-5.45,-42.3667,85.33,69,48,1.99,scattered clouds,BR,2021-10-24 22:59:54
684,Sydney,-33.8679,151.2073,68.34,55,20,1.01,few clouds,AU,2021-10-24 22:55:32
685,Qinhuangdao,39.9317,119.5883,50.67,69,56,8.19,broken clouds,CN,2021-10-24 22:59:54
686,Trincomalee,8.5711,81.2335,78.51,85,100,3.89,overcast clouds,LK,2021-10-24 22:59:12
687,Sterling,39.0062,-77.4286,67.33,78,9,1.01,clear sky,US,2021-10-24 22:59:54
688,La Libertad,-2.2333,-80.9,74.86,78,90,13.8,overcast clouds,EC,2021-10-24 22:59:55
689,Gravdal,68.1214,13.5031,39.27,95,100,16.87,light rain,NO,2021-10-24 22:55:36
690,Voh,-20.9667,164.7,81.41,56,39,2.1,scattered clouds,NC,2021-10-24 22:59:55
691,Lewisporte,49.2499,-55.0482,55.11,88,85,7.23,overcast clouds,CA,2021-10-24 22:59:56
692,Xai-Xai,-25.0519,33.6442,66.99,88,100,17.67,light rain,MZ,2021-10-24 22:59:56
693,Verkhnyaya Toyma,62.2349,44.9985,28.71,87,32,8.48,scattered clouds,RU,2021-10-24 22:50:03
694,Kwidzyn,53.7249,18.9311,39.27,91,59,8.77,broken clouds,PL,2021-10-24 22:59:42
695,Yuxia,34.0615,108.6291,50.61,81,56,2.37,broken clouds,CN,2021-10-24 22:59:56
696,Kunyang,27.6658,120.5658,55.45,86,3,5.44,light rain,CN,2021-10-24 22:59:57
697,Kota,25.1833,75.8333,71.91,68,15,1.59,few clouds,IN,2021-10-24 22:59:57
698,Villanueva De La Serena,38.9766,-5.7974,62.83,41,4,1.32,clear sky,ES,2021-10-24 22:59:57
